"","price","address","squares","type","year","age","bed","bath","tax"
"1","$389,000","#2102 5305 32 Av Sw, Calgary, AB","103.96 sq.m.","Residential, House","2015",NA,"3","2+1","$2,771"
"2","$389,000","#203 39 Quarry Ga Se, Calgary, AB","96.62 sq.m.","Residential, Condo","2015",NA,"2","2","$2,478"
"3","$389,000","#1 512 56 Av Sw, Calgary, AB","98.85 sq.m.","Residential, House","2004",NA,"2","3+1","$2,475"
"4","$389,000","195 Rue Peel, Apt. 508, Le Sud-Ouest, QC","595 sq.ft.","Residential, Condo","2018",NA,"1","1","$2,167"
"5","$389,000","6304 Tregillus St Nw, Calgary, AB","96.52 sq.m.","Residential, House","1966",NA,"3","1","$2,847"
"6","$389,000","152 Arbour Wood Me Nw, Calgary, AB","118.63 sq.m.","Residential, House","1996",NA,"4","3+1","$2,545"
"7","$389,000","47 Tuscany Valley Ln Nw, Calgary, AB","113.06 sq.m.","Residential, House","1997",NA,"4","2+1","$2,578"
"8","$389,500","261 Auburn Meadows Pl Se, Calgary, AB","118.35 sq.m.","Residential, House","2014",NA,"2","2+1","$2,628"
"9","$389,500","967 Ch. des Cèdres, Sainte-Adèle, QC",NA,"Residential, House",NA,NA,"2","2","$2,997"
"10","$389,800","2823 12 AV SE, Calgary, AB","998 sq.ft.","Residential, House","1976",NA,"7","2","$2,029"
"11","$389,800","104 Copperpond Pa Se, Calgary, AB","147.71 sq.m.","Residential, House","2013",NA,"3","2+1","$2,648"
"12","$389,801","#801 303 13 Av Sw, Calgary, AB","78.22 sq.m.","Residential, Condo","2015",NA,"2","2","$2,618"
"13","$389,850","#131 20 Discovery Ridge Cl Sw, Calgary, AB","118.91 sq.m.","Residential, Condo","2006",NA,"2","2","$2,169"
"14","$389,888","896 Rundlecairn Wy Ne, Calgary, AB","97.08 sq.m.","Residential, House","1975",NA,"5","2","$2,042"
"15","$389,900","#2002 901 10 AV SW, Calgary, AB","675 sq.ft.","Residential, Condo","2016",NA,"2","1","$2,425"
"16","$389,900","336 Woodfield Pl Sw, Calgary, AB","85.93 sq.m.","Residential, House","1977",NA,"4","2","$2,475"
"17","$389,900","344 Prominence Ht Sw, Calgary, AB","108.97 sq.m.","Residential, House","1996",NA,"3","3","$2,362"
"18","$389,900","#1205 930 16 Av Sw, Calgary, AB","53.14 sq.m.","Residential, Condo","2019",NA,"1","1","$2,792"
"19","$389,900","2223 15a St Se, Calgary, AB","77.48 sq.m.","Residential, House","1912",NA,"2","1","$2,621"
"20","$389,900","#1710 225 11 Av Se, Calgary, AB","73.11 sq.m.","Residential, Condo","2013",NA,"2","2","$2,362"
"21","$389,900","89 Martin Crossing Wy Ne, Calgary, AB","120.49 sq.m.","Residential, House","1998",NA,"4","2+1","$2,415"
"22","$389,900","2116 52 ST NW, Calgary, AB","773 sq.ft.","Residential, House","1953",NA,"3","2","$2,565"
"23","$389,900","8 Martindale Dr Ne, Calgary, AB","131.55 sq.m.","Residential, House","1986",NA,"5","3","$2,279"
"24","$389,900","243 Taracove Estate Dr Ne, Calgary, AB","104.98 sq.m.","Residential, House","2002",NA,"5","3","$2,495"
"25","$389,900","#203 836 Royal Av Sw, Calgary, AB","82.68 sq.m.","Residential, Condo","2013",NA,"2","2","$2,743"
"26","$389,900","#1412 95 Burma Star Rd Sw, Calgary, AB","64.66 sq.m.","Residential, Condo","2016",NA,"2","1","$2,252"
"27","$389,900","15 Savanna St Ne, Calgary, AB","120.96 sq.m.","Residential, House","2016",NA,"3","2+1","$2,235"
"28","$389,900","121 Saratoga Cl Ne, Calgary, AB","95.22 sq.m.","Residential, House","1995",NA,"4","2","$2,425"
"29","$389,900","#1208 1111 10 St Sw, Calgary, AB","79.89 sq.m.","Residential, Condo","2012",NA,"2","2","$2,538"
"30","$390,000","#615 222 Riverfront AV SW, Calgary, AB","680 sq.ft.","Residential, Condo","2011",NA,"1","1","$2,438"
"31","$390,000","13 Legacy Ga Se, Calgary, AB","128.39 sq.m.","Residential, House","2013",NA,"3","2+1","$2,674"
"32","$390,000","4505 Stanley Rd Sw, Calgary, AB","92.99 sq.m.","Residential, House","1955",NA,"2","1","$2,941"
"33","$390,000","#21 643 4 Av Ne, Calgary, AB","101.17 sq.m.","Residential, House","1975",NA,"2","1+1","$1,057"
"34","$390,000","292 Woodbine Bv Sw, Calgary, AB","136.56 sq.m.","Residential, House","1981",NA,"3","3","$2,768"
"35","$392,385","#2902 1188 3 St Se, Calgary, AB","74.04 sq.m.","Residential, Condo","2016",NA,"2","2","$2,808"
"36","$394,000","57 Cranford Pl Se, Calgary, AB","134.89 sq.m.","Residential, House","2011",NA,"3","2+1","$2,558"
"37","$394,900","104 Taradale DR NE, Calgary, AB","1,326 sq.ft.","Residential, House","2005",NA,"4","4","$2,475"
"38","$394,900","564 Evanston Dr Nw, Calgary, AB","108.14 sq.m.","Residential, House","2012",NA,"4","2+1","$2,455"
"39","$394,900","256 Deersaxon Ci Se, Calgary, AB","157.28 sq.m.","Residential, House","1983",NA,"4","3","$2,807"
"40","$395,000","Ch. de la Baie-des-Ours, Lac-Tremblant-Nord, QC",NA,"Lots & Land, Lots & Land-Other",NA,NA,NA,NA,"$1,736"
"41","$395,000","Ch. de la Pointe-Manitou, Nominingue, QC",NA,"Lots & Land, Lots & Land-Other",NA,NA,NA,NA,"$2,091"
"42","$395,000","23 Martin Crossing Pa Ne, Calgary, AB","118.54 sq.m.","Residential, House","1996",NA,"3","2+1","$2,312"
"43","$395,000","113 Evanston Hl Nw, Calgary, AB","108.32 sq.m.","Residential, House","2017",NA,"3","2+1","$2,292"
"44","$395,000","33 - 4000 Sundance Drive, Sun Peaks, BC","602 sq.ft.","Residential, Condo","1998",NA,"1","1","$1,567"
"45","$395,000","194 Heldon Court, West Kelowna, BC",NA,"Lots & Land, Vacant Land",NA,NA,NA,NA,"$1,182"
"46","$395,000","176 Ch. au Pied-de-la-Montagne, Apt. 101, Mont-Tremblant, QC",NA,"Residential, Condo","1988",NA,"2","2","$1,877"
"47","$395,000","350 Rundleview Dr Ne, Calgary, AB","100.52 sq.m.","Residential, House","1974",NA,"4","2","$2,515"
"48","$395,000","121 Rue de Laviolette, Apt. 201, Bromont, QC","1,528.48 sq.ft.","Residential, Condo","2011",NA,"3","1+1","$2,954"
"49","$395,000","568 Evanston Li Nw, Calgary, AB","143.16 sq.m.","Residential, House","2016",NA,"3","2+1","$2,491"
"50","$395,000","8002 Ranchview Dr Nw, Calgary, AB","70.14 sq.m.","Residential, House","1979",NA,"3","1+1","$2,531"
"51","$395,000","12063 Canfield Gr Sw, Calgary, AB","105.07 sq.m.","Residential, House","1973",NA,"3","2","$2,668"
"52","$395,000","319 Templevale Pl Ne, Calgary, AB","113.43 sq.m.","Residential, House","1979",NA,"3","2+1","$2,422"
"53","$395,000","10e Rang, Val-David, QC",NA,"Lots & Land, Lots & Land-Other",NA,NA,NA,NA,"$680"
"54","$395,000","307 Sunset PT , Cochrane, AB","1,661 sq.ft.","Residential, House","2009",NA,"3","4","$2,993"
"55","$396,000","#503 777 3 Av Sw, Calgary, AB","119.75 sq.m.","Residential, Condo","1998",NA,"2","2","$2,953"
"56","$396,343","190 Crestridge Cm Sw, Calgary, AB","118.54 sq.m.","Residential, House","2020",NA,"3","2+1",NA
"57","$398,000","90 Autumn Gr Se, Calgary, AB","128.95 sq.m.","Residential, House","2009",NA,"4","3+1","$2,695"
"58","$398,000","5024 Maryvale Dr Ne, Calgary, AB","108.04 sq.m.","Residential, House","1969",NA,"4","2","$2,272"
"59","$398,700","129 Braniff Cr Sw, Calgary, AB","111.20 sq.m.","Residential, House","1975",NA,"5","3","$2,811"
"60","$398,900","94 Cranford Ba Se, Calgary, AB","141.77 sq.m.","Residential, House","2014",NA,"3","2+1","$2,644"
"61","$398,900","#1403 303 13 Av Sw, Calgary, AB","82.87 sq.m.","Residential, Condo","2014",NA,"2","2","$2,921"
"62","$398,950","4809 Woolsey Lane NW, Edmonton, AB",NA,"Residential, House",NA,NA,NA,NA,NA
"63","$399,000 (+ taxes)","1040 Av. Murray, La Cité, QC","1,442.36 sq.ft.","Residential, Condo","1930",NA,"2","1","$1"
"64","$399,000","#902 200 Lacaille Pl Sw, Calgary, AB","91.04 sq.m.","Residential, Condo","1999",NA,"1","1","$3,668"
"65","$489,900","66 Tuscany Hills Rd Nw, Calgary, AB","186.54 sq.m.","Residential, House","1996",NA,"4","3+1","$3,436"
"66","$489,900","30 Cornerstone RD NE, Calgary, AB","1,773 sq.ft.","Residential, House","2018",NA,"6","5",NA
"67","$489,900","165 Royal Oak Tc Nw, Calgary, AB","180.32 sq.m.","Residential, House","2006",NA,"3","2+1","$3,410"
"68","$489,900","471 Chaparral Ridge Ci Se, Calgary, AB","208.47 sq.m.","Residential, House","2005",NA,"3","2+1","$3,846"
"69","$489,900","8 Colborne St N, Toronto, ON",NA,"Residential, Condo",NA,NA,"1","1","$1,523"
"70","$489,900","218 17 AV NE, Calgary, AB","953 sq.ft.","Residential, House","1947",NA,"4","2","$3,839"
"71","$489,900","716 The West Mall, Toronto, ON",NA,"Residential, Condo",NA,NA,"2+1","2","$1,199"
"72","$489,900","230 Auburn Bay Cv Se, Calgary, AB","105.72 sq.m.","Residential, House","2005",NA,"2","2+1","$2,968"
"73","$489,900","8 Fieldway Rd, Toronto, ON",NA,"Residential, Condo",NA,NA,"1","1","$1,680"
"74","$489,900","30 Tandridge Cres, Toronto, ON",NA,"Residential, Condo",NA,NA,"3","2","$1,276"
"75","$489,900","67 Douglas Glen Pl Se, Calgary, AB","106.93 sq.m.","Residential, House","1993",NA,"3","1+1","$2,947"
"76","$489,900","#1406 788 12 Av Sw, Calgary, AB","100.89 sq.m.","Residential, Condo","2009",NA,"2","2","$3,034"
"77","$489,900","830 Lawrence Ave W, Toronto, ON",NA,"Residential, Condo",NA,"0-5","1","1","$1,684"
"78","$489,900","91 Evansborough Cr Nw, Calgary, AB","170.19 sq.m.","Residential, House","2013",NA,"4","3+1","$3,430"
"79","$489,900","115 Auburn Meadows Pl Se, Calgary, AB","142.04 sq.m.","Residential, House","2014",NA,"3","2+1","$3,290"
"80","$489,900","921 18 Av Nw, Calgary, AB","71.35 sq.m.","Residential, House","1928",NA,"2","1","$3,453"
"81","$489,900","58 Sierra Morena Cl Sw, Calgary, AB","117.98 sq.m.","Residential, House","1995",NA,"3","2","$3,336"
"82","$489,900","464 Royal Oak Ht Nw, Calgary, AB","168.43 sq.m.","Residential, House","2004",NA,"3","2+1","$3,183"
"83","$489,900","420 Mill Rd, Toronto, ON",NA,"Residential, Condo",NA,NA,"2","1","$1,517"
"84","$489,900","1082 Brightoncrest Cm Se, Calgary, AB","156.44 sq.m.","Residential, House","2011",NA,"3","2+2","$3,050"
"85","$489,900","7 Grenville St, Toronto, ON",NA,"Residential, Condo",NA,"0-5",NA,"1",NA
"86","$489,900","6 Eva Rd, Toronto, ON",NA,"Residential, Condo",NA,"6-10","1+1","1","$1,745"
"87","$489,900","4978 Yonge St, Toronto, ON",NA,"Residential, Condo",NA,NA,"1","1","$1,500"
"88","$489,900","1 Greystone Walk Dr, Toronto, ON",NA,"Residential, Condo",NA,NA,"2+1","2","$1,409"
"89","$489,900","215 Queen St W, Toronto, ON",NA,"Residential, Condo",NA,"0-5",NA,"1","$1,710"
"90","$489,990","1328 Birchmount Rd, Toronto, ON",NA,"Residential, Condo",NA,"0-5","1+1","1","$1,570"
"91","$489,999","23 Glebe Rd W, Toronto, ON",NA,"Residential, Condo",NA,"0-5",NA,"1","$1,847"
"92","$489,999","12 Marsden Rd Ne, Calgary, AB","101.26 sq.m.","Residential, House","1955",NA,"4","2","$3,885"
"93","$489,999","560 King St W, Toronto, ON",NA,"Residential, Condo",NA,"0-5","1","1","$2,075"
"94","$490,000","9126 Scurfield Dr Nw, Calgary, AB","125.60 sq.m.","Residential, House","1995",NA,"4","3","$3,150"
"95","$490,000","193 Kincora Glen Ri Nw, Calgary, AB","190.17 sq.m.","Residential, House","2010",NA,"4","3+1","$3,500"
"96","$492,000","105 The Queensway Ave, Toronto, ON",NA,"Residential, Condo",NA,NA,"1","1","$1,469"
"97","$549,999","500 Doris Ave, Toronto, ON",NA,"Residential, Condo",NA,NA,"1","1","$2,141"
"98","$549,999","102 2333 Clark Drive, Vancouver East, BC","1,076 sq.ft.","Residential, Condo","1991","29","2","2+1","$1,632"
"99","$550,000","Ch. du Lac-Gélinas, Mont-Tremblant, QC",NA,"Lots & Land, Lots & Land-Other",NA,NA,NA,NA,"$1,393"
"100","$550,000","312 1306 Fifth Avenue, New Westminster, BC","885 sq.ft.","Residential, Condo","2019","1","2","2","$2,453"
"101","$550,000","274 LEGACY VW SE, Calgary, AB","1,910 sq.ft.","Residential, House","2016",NA,"3","3","$3,283"
"102","$550,000","282 Legacy Vw Se, Calgary, AB","196.76 sq.m.","Residential, House","2017",NA,"3","2+1","$3,369"
"103","$550,000","808 6611 Cooney Road, Richmond, BC","910 sq.ft.","Residential, Condo","1997","23","2","2","$1,759"
"104","$550,000","310 1783 Manitoba Street, Vancouver West, BC","474 sq.ft.","Residential, Condo","2015","5","1","1","$1,414"
"105","$550,000","1706 610 Granville Street, Vancouver West, BC","495 sq.ft.","Residential, Condo","2006","14","1","1","$1,611"
"106","$550,000","245 Rue Marc-Aurèle-Fortin, Lachute, QC",NA,"Residential, House","1993",NA,"3","2+2","$4,270"
"107","$550,000","36 Lisgar St, Toronto, ON",NA,"Residential, Condo",NA,NA,"1","2","$1,878"
"108","$550,000","303 4181 Norfolk Street, Burnaby, BC","1,031 sq.ft.","Residential, Condo","1999","21","2","2","$2,512"
"109","$550,000","7 7345 Sandborne Avenue, Burnaby, BC","1,182 sq.ft.","Residential, Townhouse","1992","28","2","3+1","$2,336"
"110","$550,000","2134 Blackwell Avenue, Merritt, BC","3,169 sq.ft.","Residential, House","1989","31","4","2+1","$4,176"
"111","$550,000","55 Huntingdale Blvd, Toronto, ON",NA,"Residential, Condo",NA,NA,"3","2","$1,691"
"112","$550,000","6 Chisholm Cr Nw, Calgary, AB","120.40 sq.m.","Residential, House","1959",NA,"4","2+1","$3,609"
"113","$550,000","#313 1110 3 Av Nw, Calgary, AB","85.56 sq.m.","Residential, Condo","2014",NA,"2","2","$2,921"
"114","$550,000","450 15 Av Ne, Calgary, AB","131.17 sq.m.","Residential, House","2019",NA,"4","3+1","$3,895"
"115","$550,000","409 9288 University Crescent, Burnaby, BC","950 sq.ft.","Residential, Condo","2004","16","2","2","$2,476"
"116","$550,000","5240 Barron Dr Nw, Calgary, AB","120.21 sq.m.","Residential, House","1964",NA,"5","3","$3,732"
"117","$550,000","709 7488 Lansdowne Road, Richmond, BC","605 sq.ft.","Residential, Condo","2017","3","1","1","$1,620"
"118","$550,000","1206 3233 Ketcheson Road, Richmond, BC","527 sq.ft.","Residential, Condo","2018","2","1","1","$1,663"
"119","$550,000","1405 612 Fifth Avenue, New Westminster, BC","1,167 sq.ft.","Residential, Condo","1991","29","1","1","$2,225"
"120","$550,000","212 7465 Sandborne Avenue, Burnaby, BC","920 sq.ft.","Residential, Condo","1990","30","2","2","$2,248"
"121","$550,000","809 651 Nootka Way, Port Moody, BC","750 sq.ft.","Residential, Condo","2008","12","2","2","$2,016"
"122","$550,000","2403 3737 Bartlett Court, Burnaby, BC","1,187 sq.ft.","Residential, Condo","1976","44","2","2+1","$2,399"
"123","$550,000","516 9171 Ferndale Road, Richmond, BC","776 sq.ft.","Residential, Condo","2008","12","2","2","$1,620"
"124","$550,000","1506 22 Av Sw, Calgary, AB","114.82 sq.m.","Residential, House","2012",NA,"2","2+1","$3,583"
"125","$550,000","2330 Bridletowne Circ, Toronto, ON",NA,"Residential, Condo",NA,NA,"2","2","$2,018"
"126","$550,000","121 Mcmahon Dr, Toronto, ON",NA,"Residential, Condo",NA,"0-5","1+1","1","$1,963"
"127","$550,000","25 Capreol Crt, Toronto, ON",NA,"Residential, Condo",NA,NA,"1","1","$1,712"
"128","$550,000","50 Ann O'reilly Rd, Toronto, ON",NA,"Residential, Condo",NA,"0-5","1+1","2","$1,949"
"129","$569,800","403 534 Sixth Street, New Westminster, BC","1,534 sq.ft.","Residential, Condo","1983","37","3","2","$2,362"
"130","$569,800","202 260 Newport Drive, Port Moody, BC","816 sq.ft.","Residential, Condo","1998","22","2","2+1","$1,906"
"131","$569,900","98 Panamount St Nw, Calgary, AB","234.57 sq.m.","Residential, House","2006",NA,"3","2+1","$3,673"
"132","$569,900","1206 612 Fifth Avenue, New Westminster, BC","1,094 sq.ft.","Residential, Condo","1990","30","1","2","$2,103"
"133","$569,900","1855 12 St Nw, Calgary, AB","115.38 sq.m.","Residential, House","2020",NA,"3","3+1",NA
"134","$569,900","1808 23 Av Sw, Calgary, AB","117.98 sq.m.","Residential, House","2014",NA,"3","3+1","$3,406"
"135","$569,900","661 Coral Springs Bv Ne, Calgary, AB","215.53 sq.m.","Residential, House","1999",NA,"6","4+1","$3,470"
"136","$569,900","1328 Birchmount Rd, Toronto, ON",NA,"Residential, Condo",NA,NA,"2","2","$1,877"
"137","$569,900","203 2355 Trinity Street, Vancouver East, BC","872 sq.ft.","Residential, Condo","1974","46","2","1","$1,131"
"138","$569,900","7 Hidden Creek Ba Nw, Calgary, AB","170.66 sq.m.","Residential, House","1999",NA,"3","3+1","$3,579"
"139","$569,900","30 Skyview Point Ri Ne, Calgary, AB","227.33 sq.m.","Residential, House","2012",NA,"6","3+1","$3,965"
"140","$569,900","23 Sheppard Ave E, Toronto, ON",NA,"Residential, Condo",NA,NA,"1","1","$1,919"
"141","$569,900","170 Citadel Crest Ci Nw, Calgary, AB","230.95 sq.m.","Residential, House","1997",NA,"3","3+1","$4,009"
"142","$569,900","606 3557 Sawmill Crescent, Vancouver East, BC","651 sq.ft.","Residential, Condo","2018","2","1","1","$1,447"
"143","$569,900","447 Astoria Cr Se, Calgary, AB","95.04 sq.m.","Residential, House","1961",NA,"4","3","$2,837"
"144","$569,900","3511 35 Av Sw, Calgary, AB","111.67 sq.m.","Residential, House","1956",NA,"4","2","$3,979"
"145","$569,900","311 2525 Blenheim Street, Vancouver West, BC","662 sq.ft.","Residential, Condo","2005","15","1","1","$1,470"
"146","$569,900","130 Kincora Glen Gr Nw, Calgary, AB","2,014 sq.ft.","Residential, House","2008",NA,"4","3+1","$3,416"
"147","$569,900","#503/504 3204 Rideau Pl Sw, Calgary, AB","141.86 sq.m.","Residential, Condo","1955",NA,"2","2","$4,576"
"148","$569,900","1845 18a St Sw, Calgary, AB","112.32 sq.m.","Residential, House","1949",NA,"5","2","$3,922"
"149","$569,900","10329 Tuscany Hills Wy Nw, Calgary, AB","188.77 sq.m.","Residential, House","1997",NA,"4","3+1","$3,300"
"150","$569,900","3 Sierra Vista Ci Sw, Calgary, AB","183.29 sq.m.","Residential, House","1991",NA,"4","2+1","$3,872"
"151","$569,900","2000 Home Rd Nw, Calgary, AB","162.85 sq.m.","Residential, House","2018",NA,"5","3+1","$4,165"
"152","$569,900","10631 Waneta Cr Se, Calgary, AB","128.02 sq.m.","Residential, House","1965",NA,"4","2","$3,959"
"153","$569,900","2954 Oakmoor Cr Sw, Calgary, AB","103.49 sq.m.","Residential, House","1971",NA,"4","2+1","$2,824"
"154","$569,900","105 Deer River Pl Se, Calgary, AB","215.34 sq.m.","Residential, House","1987",NA,"5","2+2","$3,509"
"155","$569,900","1108 8533 River District Crossing, Vancouver East, BC","645 sq.ft.","Residential, Condo","2020",NA,"1","1",NA
"156","$569,900","7 Mabelle Ave, Toronto, ON",NA,"Residential, Condo",NA,"New","1+1","1",NA
"157","$569,900","1206 8533 River District Crossing, Vancouver East, BC","551 sq.ft.","Residential, Condo","2020",NA,"1","1",NA
"158","$569,990","8 Eglinton Ave, Toronto, ON",NA,"Residential, Condo",NA,NA,"1","1","$2,400"
"159","$569,998","630 Rogers Rd, Toronto, ON",NA,"Residential, Condo",NA,"0-5","2","2",NA
"160","$570,000","1608 5058 Joyce Street, Vancouver East, BC","439 sq.ft.","Residential, Condo","2020",NA,"1","1",NA
"161","$588,000","1307 7380 Elmbridge Way, Richmond, BC","875 sq.ft.","Residential, Condo","1997","23","2","2","$1,443"
"162","$588,000","105 3638 Rae Avenue, Vancouver East, BC","803 sq.ft.","Residential, Condo","1994","26","2","2","$1,063"
"163","$588,000","517 8850 University Crescent, Burnaby, BC","901 sq.ft.","Residential, Condo","2019","1","2","2","$1,816"
"164","$588,000","1004 8628 Hazelbridge Way, Richmond, BC","601 sq.ft.","Residential, Condo","2018","2","1","1","$1,755"
"165","$588,000","224 5835 Hampton Place, Vancouver West, BC","727 sq.ft.","Residential, Condo","1993","27","1","1","$1,024"
"166","$588,000","1402 5133 Garden City Road, Richmond, BC","969 sq.ft.","Residential, Condo","2004","16","2","2","$1,921"
"167","$588,000","3117 1128 W Hastings Street, Vancouver West, BC","350 sq.ft.","Residential, House","2000","20",NA,"1","$2,852"
"168","$588,000","1202 5088 Kwantlen Street, Richmond, BC","700 sq.ft.","Residential, Condo","2007","13","2","2","$1,690"
"169","$588,000","1809 3520 Crowley Drive, Vancouver East, BC","727 sq.ft.","Residential, Condo","2001","19","2","1","$1,653"
"170","$588,000","326 6283 Kingsway, Burnaby, BC","736 sq.ft.","Residential, Condo","2018","2","2","2","$2,400"
"171","$588,000","611 2220 Kingsway Street, Vancouver East, BC","740 sq.ft.","Residential, Condo","2019","1","2","1","$1,949"
"172","$588,000","301 6588 Nelson Avenue, Burnaby, BC","607 sq.ft.","Residential, Condo","2015","5","1","1","$2,256"
"173","$588,000","50 Ann O'reilly Rd, Toronto, ON",NA,"Residential, Condo",NA,"0-5","1+1","1","$1,970"
"174","$588,000","1001 4808 Hazel Street, Burnaby, BC","632 sq.ft.","Residential, Condo","2008","12","1","1","$2,303"
"175","$588,000","207 9888 Cameron Street, Burnaby, BC","844 sq.ft.","Residential, Condo","2009","11","2","2","$2,315"
"176","$588,000","120 9500 Odlin Road, Richmond, BC","804 sq.ft.","Residential, Condo","2011","9","2","2","$1,723"
"177","$588,000","211 7288 No. 3 Road, Richmond, BC","1,431 sq.ft.","Residential, Condo","1992","28","3","2","$1,877"
"178","$588,000","217 220 Salter Street, New Westminster, BC","846 sq.ft.","Residential, Condo","2017","3","1","1","$2,260"
"179","$588,000","417 2525 Clarke Street, Port Moody, BC","867 sq.ft.","Residential, Condo","2018","2","2","2","$2,092"
"180","$588,000","251 Jarvis St E, Toronto, ON",NA,"Residential, Condo",NA,"New","1","1","$2,020"
"181","$588,000","602 6351 Buswell Street, Richmond, BC","752 sq.ft.","Residential, Condo","2008","12","1","1","$1,802"
"182","$588,000","6203 5117 Garden City Road, Richmond, BC","841 sq.ft.","Residential, Condo","2006","14","2","2","$1,720"
"183","$588,000","307 1061 Marine Drive, North Vancouver, BC","603 sq.ft.","Residential, Condo","2017","3","1","1","$2,835"
"184","$588,000","401 1958 E 47th Avenue, Vancouver East, BC","968 sq.ft.","Residential, Condo","1993","27","2","2","$1,582"
"185","$588,000","5500 Yonge St, Toronto, ON",NA,"Residential, Condo",NA,NA,"1+1","1","$2,177"
"186","$588,000","306 4333 Central Boulevard, Burnaby, BC","784 sq.ft.","Residential, Condo","2005","15","1","1","$2,379"
"187","$588,000","1005 438 Seymour Street, Vancouver West, BC","538 sq.ft.","Residential, Condo","1996","24","1","1","$1,410"
"188","$588,000","2603 4670 Assembly Way, Burnaby, BC","510 sq.ft.","Residential, Condo","2018","2","1","1","$2,256"
"189","$588,000","1205 988 Quayside Drive, New Westminster, BC","736 sq.ft.","Residential, Condo","2019","1","2","1","$2,296"
"190","$588,000","39 Pemberton Ave, Toronto, ON",NA,"Residential, Condo",NA,"16-30","2","2","$2,309"
"191","$588,000","65 East Liberty St, Toronto, ON",NA,"Residential, Condo",NA,NA,"1","1","$1,757"
"192","$588,000","Ph9 6283 Kingsway, Burnaby, BC","728 sq.ft.","Residential, Condo","2018","2","2","2","$2,343"
"193","$595,000","5 Prominence Ph Sw, Calgary, AB","144.46 sq.m.","Residential, House","1997",NA,"3","2+1","$3,979"
"194","$595,000","1307 822 Homer Street, Vancouver West, BC","572 sq.ft.","Residential, Condo","2000","20","1","1","$1,618"
"195","$595,000","16 Bonnycastle St, Toronto, ON",NA,"Residential, Condo",NA,"0-5","1","1","$1,389"
"196","$595,000","33 Lombard St, Toronto, ON",NA,"Residential, Condo",NA,"11-15","1","1","$2,300"
"197","$595,000","1207 33 Chesterfield Place, North Vancouver, BC","765 sq.ft.","Residential, Condo","1985","35","1","1","$1,631"
"198","$595,000","1904 789 Drake Street, Vancouver West, BC","652 sq.ft.","Residential, Condo","1991","29","1","1","$1,706"
"199","$595,000","2221 Yonge St, Toronto, ON",NA,"Residential, Condo",NA,"New","1","1",NA
"200","$595,000","1607 6383 Mckay Avenue, Burnaby, BC","570 sq.ft.","Residential, Condo","2020",NA,"1","1",NA
"201","$595,000","191 West Springs Cl Sw, Calgary, AB","124.30 sq.m.","Residential, House","2002",NA,"3","2+1","$4,325"
"202","$595,000","1502 2016 Fullerton Avenue, North Vancouver, BC","945 sq.ft.","Residential, Condo","1974","46","2","2+1","$1,814"
"203","$595,000","135 Marlee Ave, Toronto, ON",NA,"Residential, Condo",NA,NA,"2+1","2","$1,607"
"204","$595,000","425 11 Av Ne, Calgary, AB","118.35 sq.m.","Residential, House","1910",NA,"3","1+1","$3,696"
"205","$595,000","11 Thorncliffe Park Dr, Toronto, ON",NA,"Residential, Condo",NA,NA,"2","2","$1,937"
"206","$595,000","2303 7388 Kingsway, Burnaby, BC","549 sq.ft.","Residential, Condo","2020",NA,"1","1",NA
"207","$595,000","170 Sumach St, Toronto, ON",NA,"Residential, Condo",NA,NA,"1+1","2","$2,368"
"208","$595,000","418 Rue Principale, Saint-Thomas-Didyme, QC",NA,"Residential, House","2018",NA,"5","2+1","$1,451"
"209","$595,000","38 Stewart St, Toronto, ON",NA,"Residential, Condo",NA,NA,"1","1","$2,613"
"210","$595,000","227 119 W 22nd Street, North Vancouver, BC","637 sq.ft.","Residential, Condo","2012","8","1","1","$1,822"
"211","$595,500","312 2020 Cedar Village Crescent, North Vancouver, BC","1,257 sq.ft.","Residential, Condo","1990","30","2","2","$2,862"
"212","$595,800","223 Edgeland Rd Nw, Calgary, AB","194.07 sq.m.","Residential, House","1981",NA,"5","3+1","$3,569"
"213","$596,000","87 Peter St, Toronto, ON",NA,"Residential, Condo",NA,"New","1","1",NA
"214","$596,500","135 Evanspark Tc Nw, Calgary, AB","220.27 sq.m.","Residential, House","2007",NA,"3","2+1","$3,786"
"215","$596,900","61 Red Embers Mr Ne, Calgary, AB","220.73 sq.m.","Residential, House","2019",NA,"3","2+1","$3,826"
"216","$597,000","23 CROYDON RD NW, Calgary, AB","1,216 sq.ft.","Residential, House","1957",NA,"4","2","$3,543"
"217","$597,500","14-6924 Squilax Anglemont Rd, Magna Bay, BC","1,357 sq.ft.","Residential, Recreational","1988",NA,"3","2","$1,395"
"218","$598,000","#2 1628 29 Av Sw, Calgary, AB","154.49 sq.m.","Residential, House","2006",NA,"3","3+1","$3,902"
"219","$598,000","125 Rue Dalhousie, Apt. 306, La Cité, QC",NA,"Residential, Condo","1974",NA,"2","2","$4,403"
"220","$598,000","1005 6888 Alderbridge Way, Richmond, BC","850 sq.ft.","Residential, Condo","2008","12","2","2","$1,837"
"221","$598,000","1506 1850 Comox Street, Vancouver West, BC","651 sq.ft.","Residential, Condo","1968","52","1","1",NA
"222","$598,000","401 3680 Rae Avenue, Vancouver East, BC","924 sq.ft.","Residential, Condo","1992","28","2","2","$1,281"
"223","$598,000","519 8080 Cambie Road, Richmond, BC","721 sq.ft.","Residential, Condo","2008","12","1","2",NA
"224","$598,000","104 7633 St. Albans Road, Richmond, BC","1,324 sq.ft.","Residential, Condo","1991","29","2","2","$1,874"
"225","$598,000","159 8611 Ackroyd Road, Richmond, BC","1,396 sq.ft.","Residential, Condo","1989","31","2","2","$1,831"
"226","$598,000","102 9009 Cornerstone Mews, Burnaby, BC","943 sq.ft.","Residential, Townhouse","2009","11","2","2","$2,230"
"227","$598,000","502 121 Tenth Street, New Westminster, BC","1,263 sq.ft.","Residential, Condo","1990","30","2","2","$2,374"
"228","$598,000","720 Spadina Ave, Toronto, ON",NA,"Residential, Condo",NA,NA,"2","2","$1,950"
"229","$598,000","150 Oakbriar Cl Sw, Calgary, AB","116.68 sq.m.","Residential, House","1988",NA,"3","3","$3,027"
"230","$598,000","460 Adelaide St E, Toronto, ON",NA,"Residential, Condo",NA,"0-5","1","1","$2,216"
"231","$598,000","205 2435-2455 Kingsway, Vancouver East, BC","550 sq.ft.","Residential, Condo","2020",NA,"1","1",NA
"232","$598,000","8 Dovercourt Rd, Toronto, ON",NA,"Residential, Condo",NA,NA,"1","1","$1,909"
"233","$598,000","215 8600 Park Road, Richmond, BC","827 sq.ft.","Residential, Condo","2011","9","2","2","$1,729"
"234","$598,000","420 6833 Village Grn, Burnaby, BC","820 sq.ft.","Residential, Condo","2000","20","2","2","$2,191"
"235","$598,000","521 159 W 2nd Avenue, Vancouver West, BC","515 sq.ft.","Residential, Condo","2018","2","1","1","$1,511"
"236","$598,000","1807 6383 Mckay Avenue, Burnaby, BC","570 sq.ft.","Residential, Condo","2020",NA,"1","1","$1,341"
"237","$598,000","3478 Nairn Avenue, Vancouver East, BC","1,325 sq.ft.","Residential, Townhouse","1981","39","3","2+1","$1,630"
"238","$598,000","188 Chaparral Cr Se, Calgary, AB","273.40 sq.m.","Residential, House","1997",NA,"5","3+1","$3,509"
"239","$598,000","18 Mondeo Dr, Toronto, ON",NA,"Residential, Condo",NA,"11-15","2","2","$1,877"
"240","$598,000","203 819 Hamilton Street, Vancouver West, BC","447 sq.ft.","Residential, Condo","1998","22","1","1","$1,421"
"241","$598,000","255 Village Green Sq, Toronto, ON",NA,"Residential, Condo",NA,"0-5","2","2","$2,309"
"242","$598,000","310 5725 Agronomy Road, Vancouver West, BC","610 sq.ft.","Residential, Condo","2006","14","1","1","$1,573"
"243","$598,000","203 1005 Broughton Street, Vancouver West, BC","669 sq.ft.","Residential, Condo","1992","28","1","1","$1,656"
"244","$598,000","509 1975 Pendrell Street, Vancouver West, BC","635 sq.ft.","Residential, Condo","1957","63","1","1","$1,425"
"245","$598,000","3208 4900 Lennox Lane, Burnaby, BC","548 sq.ft.","Residential, Condo","2017","3","1","1","$1,792"
"246","$598,000","4703 4510 Halifax Way, Burnaby, BC","540 sq.ft.","Residential, Condo","2019","1","1","1","$1,783"
"247","$598,000","3235 W 3rd Avenue, Vancouver West, BC","545 sq.ft.","Residential, Condo","2009","11","1","1","$1,717"
"248","$598,800","170 Bayview Ave, Toronto, ON",NA,"Residential, Condo",NA,"0-5","1","1","$1,963"
"249","$598,800","1115 Regent Cr Ne, Calgary, AB","117.05 sq.m.","Residential, House","1947",NA,"2","2","$5,319"
"250","$598,800","124 Mahogany Co Se, Calgary, AB","211.81 sq.m.","Residential, House","2011",NA,"4","3+1","$4,015"
"251","$598,800","201 979 E 19th Avenue, Vancouver East, BC","657 sq.ft.","Residential, Condo","2020",NA,"1","1",NA
"252","$598,800","35 Hollywood Ave, Toronto, ON",NA,"Residential, Condo",NA,NA,"1+1","1","$2,213"
"253","$598,888","1131 Sandhurst Circ, Toronto, ON",NA,"Residential, Condo",NA,NA,"3+1","2","$2,381"
"254","$598,888","61 Richview Rd, Toronto, ON",NA,"Residential, Condo",NA,NA,"3","2","$1,900"
"255","$598,900","305 8677 Capstan Way, Richmond, BC","703 sq.ft.","Residential, Condo","2016","4","1","1","$1,778"
"256","$598,900","531 Ranch Estates Ba Nw, Calgary, AB","280.09 sq.m.","Residential, House","1980",NA,"4","3","$3,709"
"257","$599,000","3725 Av. St-Augustin, Chutes-de-la-Chaudière-Est, QC",NA,"Residential, House","1879",NA,"4","2+1","$6,160"
"258","$599,000","105 8633 Sw Marine Drive, Vancouver West, BC","887 sq.ft.","Residential, Condo","1989","31","2","2","$1,831"
"259","$599,000","407 928 Homer Street, Vancouver West, BC","498 sq.ft.","Residential, Condo","2006","14","1","1","$1,455"
"260","$599,000","201 5058 Joyce Street, Vancouver East, BC","517 sq.ft.","Residential, Condo","2021",NA,"1","1",NA
"261","$599,000","236 5880 Dover Crescent, Richmond, BC","970 sq.ft.","Residential, Condo","1996","24","2","2","$1,790"
"262","$599,000","F Island Lake Nippissing, North Bay, ON","1,300 sq.ft.","Residential, Recreational","1996","13","3","1","$2,800"
"263","$599,000","311 Springborough Wy Sw, Calgary, AB","121.79 sq.m.","Residential, House","2003",NA,"2","2+1","$3,882"
"264","$599,000","104 6800 Eckersley Road, Richmond, BC","888 sq.ft.","Residential, Condo","2011","9","2","2","$1,764"
"265","$599,000","303 7388 Sandborne Avenue, Burnaby, BC","863 sq.ft.","Residential, Condo","2002","18","2","2","$2,394"
"266","$599,000","815 78 Av Nw, Calgary, AB","100.61 sq.m.","Residential, House","1969",NA,"5","3","$3,566"
"267","$599,000","572 Rue Notre-Dame, Champlain, QC","2,649 sq.ft.","Residential, House","1971",NA,"5","2+1","$3,923"
"268","$599,000","50 Forest Manor Rd, Toronto, ON",NA,"Residential, Condo",NA,"0-5","1+1","2","$2,045"
"269","$599,000","309 7540 Minoru Boulevard, Richmond, BC","1,276 sq.ft.","Residential, Condo","1987","33","2","2","$1,528"
"270","$599,000","1103 455 Sw Marine Drive, Vancouver West, BC","475 sq.ft.","Residential, Condo","2019","1","1","1","$879"
"271","$599,000","1109 2689 Kingsway, Vancouver East, BC","770 sq.ft.","Residential, Condo","2014","6","2","2","$1,885"
"272","$599,000","102 4674-4684 51 Street, Ladner, BC","923 sq.ft.","Residential, Condo","2021",NA,"2","1",NA
"273","$599,000","124 Braniff Pl Sw, Calgary, AB","101.26 sq.m.","Residential, House","1972",NA,"4","2","$3,293"
"274","$599,000","Ch. De Grosbois, Saint-Adolphe-d'Howard, QC",NA,"Lots & Land, Lots & Land-Other",NA,NA,NA,NA,"$1,017"
"275","$599,000","1645 Mtée Crépeau, Saint-Calixte, QC",NA,"Residential, House","2007",NA,"3","2","$4,710"
"276","$599,000","306 3680 W 7th Avenue, Vancouver West, BC","760 sq.ft.","Residential, Condo","1976","44","2","1","$1,467"
"277","$599,000","1 Palace Pier Crt, Toronto, ON",NA,"Residential, Condo",NA,NA,"1","1","$2,175"
"278","$599,000","29 Rosebank Dr, Toronto, ON",NA,"Residential, Condo",NA,NA,"3","3","$2,705"
"279","$599,000","105-946 Jenkins Ave, Victoria, BC","1,500 sq.ft.","Residential, Townhouse","2020",NA,"3","3",NA
"280","$599,000","526 Garrison Sq Sw, Calgary, AB","180.97 sq.m.","Residential, House","1999",NA,"2","3+1","$3,979"
"281","$599,000","25 11355 236 Street, Maple Ridge, BC","2,230 sq.ft.","Residential, Townhouse","1998","22","3","3+1","$3,240"
"282","$599,000","1607 1068 Hornby Street, Vancouver West, BC","549 sq.ft.","Residential, Condo","2000","20","1","1","$1,615"
"283","$599,000","1202 1188 Howe Street, Vancouver West, BC","549 sq.ft.","Residential, Condo","1995","25","1","1","$1,397"
"284","$599,000","1645A Mtée Crépeau, Saint-Calixte, QC",NA,"Residential, Other","2007",NA,"3","2","$4,710"
"285","$599,000","508 4132 Halifax Street, Burnaby, BC","856 sq.ft.","Residential, Condo","2005","15","1","1","$2,336"
"286","$599,000","405 - 5255 Big White Road, Big White, BC","1,008 sq.ft.","Residential, Condo","2002","17","2","2","$2,367"
"287","$599,000","108 7250 18th Avenue, Burnaby, BC","794 sq.ft.","Residential, Townhouse","2016","4","1","2+1","$1,924"
"288","$599,000","107 8400 Anderson Road, Richmond, BC","886 sq.ft.","Residential, Condo","2009","11","2","2","$1,645"
"289","$599,900","2305 1955 Alpha Way, Burnaby, BC","536 sq.ft.","Residential, Condo","2020",NA,"1","1",NA
"290","$599,900","1205 11295 Pazarena Place, Maple Ridge, BC","1,335 sq.ft.","Residential, Townhouse","2020",NA,"3","3+1",NA
"291","$599,900","2167 Lake Shore Blvd W, Toronto, ON",NA,"Residential, Condo",NA,"New","1+1","2",NA
"292","$599,900","2167 Lake Shore Blvd W, Toronto, ON",NA,"Residential, Condo",NA,"New","1+1","2",NA
"293","$599,900","103 570 E 8th Avenue, Vancouver East, BC","657 sq.ft.","Residential, Condo","1983","37","2","1","$1,235"
"294","$599,900","429 9388 Mckim Way, Richmond, BC","832 sq.ft.","Residential, Condo","2013","7","2","2","$1,864"
"295","$599,900","125 Village Green Sq, Toronto, ON",NA,"Residential, Condo",NA,NA,"3","2","$2,316"
"296","$599,900","50 Town Centre Crt, Toronto, ON",NA,"Residential, Condo",NA,NA,"2+1","2","$2,309"
"297","$599,900","3033 Finch Ave W, Toronto, ON",NA,"Residential, Condo",NA,NA,"4","3","$2,087"
"298","$599,900","3237 Bayview Ave, Toronto, ON",NA,"Residential, Condo",NA,"New","2","2",NA
"299","$599,900","2 Covington Rd, Toronto, ON",NA,"Residential, Condo",NA,NA,"2","2","$2,591"
"300","$599,900","5 Everson Dr, Toronto, ON",NA,"Residential, Condo",NA,"16-30","2","2","$2,609"
"301","$599,900","935 Sheppard Ave W, Toronto, ON",NA,"Residential, Condo",NA,NA,"2","2","$2,159"
"302","$599,900","15 Lady Fern Way, Toronto, ON",NA,"Residential, Condo",NA,NA,"3","2","$2,507"
"303","$599,900","11 Brunel Crt, Toronto, ON",NA,"Residential, Condo",NA,NA,"1+1","1","$1,925"
"304","$599,949","360 Ridelle Ave, Toronto, ON",NA,"Residential, Condo",NA,"31-50","2","1","$1,619"
"305","$599,950","2105 Cavanagh Drive SW, Edmonton, AB","1,446 sq.ft.","Residential, Duplex",NA,NA,"1+2","3",NA
"306","$599,999","201 6283 Kingsway, Burnaby, BC","788 sq.ft.","Residential, Condo","2018","2","2","2","$2,419"
"307","$599,999","205 4488 Cambie Street, Vancouver West, BC","443 sq.ft.","Residential, Condo","2019","1","1","1","$950"
"308","$599,999","126 4690 Hawk Lane, Tsawwassen, BC","881 sq.ft.","Residential, Condo","2019","1","2","2",NA
"309","$599,999","88 Palace Pier Crt, Toronto, ON",NA,"Residential, Condo",NA,NA,"1","2","$2,075"
"310","$599,999","600 Queens Quay W, Toronto, ON",NA,"Residential, Condo",NA,"16-30","1","1","$1,691"
"311","$599,999","12030 Valley Ridge Dr Nw, Calgary, AB","187.94 sq.m.","Residential, House","2001",NA,"4","2+1","$4,271"
"312","$599,999","404 7727 Royal Oak Avenue, Burnaby, BC","807 sq.ft.","Residential, Condo","2015","5","2","2+2","$1,841"
"313","$599,999","61 Walden Ri Se, Calgary, AB","235.87 sq.m.","Residential, House","2009",NA,"4","3+1","$4,132"
"314","$599,999","100 Canyon Ave, Toronto, ON",NA,"Residential, Condo",NA,NA,"2+1","2","$1,697"
"315","$599,999","100 Harbour St, Toronto, ON",NA,"Residential, Condo",NA,"0-5",NA,"1","$2,004"
"316","$599,999","1005 4808 Hazel Street, Burnaby, BC","832 sq.ft.","Residential, Condo","2008","12","2","2","$2,624"
"317","$599,999","406 2525 Clarke Street, Port Moody, BC","854 sq.ft.","Residential, Condo","2018","2","2","2","$2,092"
"318","$599,999","12 Lace Fernway, Toronto, ON",NA,"Residential, Condo",NA,NA,"3","2","$2,405"
"319","$599,999","404 6900 Pearson Way, Richmond, BC","683 sq.ft.","Residential, Condo","2020",NA,"2","1","$1,208"
"320","$599,999","138 Bonis Ave, Toronto, ON",NA,"Residential, Condo",NA,NA,"2+1","2","$2,544"
"321","$599,999","1901 Yonge St, Toronto, ON",NA,"Residential, Condo",NA,NA,"1","1","$2,087"
"322","$600,000","#103 680 Princeton Wy Sw, Calgary, AB","116.22 sq.m.","Residential, Condo","2002",NA,"2","2","$3,812"
"323","$600,000","3001 84 Grant Street, Port Moody, BC","860 sq.ft.","Residential, Condo","2006","14","2","2","$2,299"
"324","$600,000","1628 14 Av Sw, Calgary, AB","167.13 sq.m.","Residential, House","2008",NA,"3","4+1","$3,859"
"325","$600,000","320 Rue Catherine, Lachute, QC","4,079.52 sq.ft.","Residential, Multi-Family Home","2016",NA,"3","2","$5,041"
"326","$600,000","12 Kincora St Nw, Calgary, AB","206.61 sq.m.","Residential, House","2012",NA,"5","3+1","$3,586"
"327","$600,000","270 Timberbank Blvd, Toronto, ON",NA,"Residential, Condo",NA,NA,"3+1","4","$2,118"
"328","$600,000","6 Sunhaven Pl Se, Calgary, AB","135.17 sq.m.","Residential, House","1988",NA,"4","2+1","$3,313"
"329","$600,000","#504 701 3 Av Sw, Calgary, AB","125.23 sq.m.","Residential, Condo","2007",NA,"2","2+1","$4,078"
"330","$600,000","102 290 Francis Way, New Westminster, BC","1,003 sq.ft.","Residential, Condo","2008","12","2","2","$2,413"
"331","$600,000","20 Bruyeres Mews, Toronto, ON",NA,"Residential, Condo",NA,NA,"2","1","$2,129"
"332","$600,000","216 7633 St. Albans Road, Richmond, BC","1,147 sq.ft.","Residential, Condo","1990","30","2","2","$1,777"
"333","$600,700","502 8725 University Crescent, Burnaby, BC","940 sq.ft.","Residential, Condo","2022",NA,"2","2",NA
"334","$602,300","#203 131 Quarry Wy Se, Calgary, AB","150.03 sq.m.","Residential, Condo","2013",NA,"2","2","$3,959"
"335","$604,900","#1 2428 30 ST SW, Calgary, AB","1,801 sq.ft.","Residential, House","2016",NA,"3","4","$3,829"
"336","$605,000","710 Balm Beach Rd E #10, Midland, ON",NA,"Commercial, Condo",NA,NA,NA,NA,NA
"337","$605,000","5904 Lockinvar Rd Sw, Calgary, AB","174.93 sq.m.","Residential, House","1966",NA,"4","1+1","$4,295"
"338","$605,000","200 Sackville St, Toronto, ON",NA,"Residential, Condo",NA,"0-5","1+1","1","$1,800"
"339","$605,000","703 719 Princess Street, New Westminster, BC","1,247 sq.ft.","Residential, Condo","1995","25","2","2","$2,437"
"340","$605,900","1402 1479 Hunter Street, North Vancouver, BC","547 sq.ft.","Residential, Condo","2022",NA,"1","1",NA
"341","$605,999","5 Gosford Blvd, Toronto, ON",NA,"Residential, Condo",NA,NA,"3","3","$1,631"
"342","$606,000","16 9339 Alberta Road, Richmond, BC","956 sq.ft.","Residential, Townhouse","2004","16","2","3+1","$1,910"
"343","$606,700","54 19696 Hammond Road, Pitt Meadows, BC","1,249 sq.ft.","Residential, Townhouse","2020",NA,"3","3",NA
"344","$608,000","203 3001 St George Street, Port Moody, BC","1,071 sq.ft.","Residential, Condo","1976","44","2","1","$1,333"
"345","$608,000","2315 Sheppard Ave W, Toronto, ON",NA,"Residential, Condo",NA,"0-5","2","2","$2,339"
"346","$608,000","14 22788 Westminster Highway, Richmond, BC","1,097 sq.ft.","Residential, Townhouse","2009","11","2","2+1","$1,654"
"347","$608,000","3303 4508 Hazel Street, Burnaby, BC","519 sq.ft.","Residential, Condo","2015","5","1","1","$2,401"
"348","$608,000","704 221 Union Street, Vancouver East, BC","606 sq.ft.","Residential, Condo","2010","10","1","1","$1,638"
"349","$608,000","600 Fleet St, Toronto, ON",NA,"Residential, Condo",NA,"6-10","1","1","$1,823"
"350","$608,000","10 Northtown Way, Toronto, ON",NA,"Residential, Condo",NA,"11-15","1+1","1","$2,009"
"351","$608,000","509 Beecroft Rd, Toronto, ON",NA,"Residential, Condo",NA,"0-5","2","1","$2,051"
"352","$608,800","629 King St W, Toronto, ON",NA,"Residential, Condo",NA,NA,"1","1","$2,226"
"353","$608,800","106 625 Park Crescent, New Westminster, BC","1,019 sq.ft.","Residential, Condo","2005","15","2","2","$2,256"
"354","$608,888","5 St Joseph St, Toronto, ON",NA,"Residential, Condo",NA,"New","1","1","$2,413"
"355","$609,000","1416 21 Av Nw, Calgary, AB","160.81 sq.m.","Residential, House","2005",NA,"3","2+1","$3,965"
"356","$609,000","4 Chapalina Cm Se, Calgary, AB","261.89 sq.m.","Residential, House","2005",NA,"5","3+1","$3,832"
"357","$609,000","1705 7360 Elmbridge Way, Richmond, BC","844 sq.ft.","Residential, Condo","2008","12","2","2","$1,921"
"358","$609,000","115 Hampshire Ci Nw, Calgary, AB","194.35 sq.m.","Residential, House","1992",NA,"4","2+1","$4,431"
"359","$609,000","251 Jarvis St, Toronto, ON",NA,"Residential, Condo",NA,NA,"2","1","$2,020"
"360","$609,000","407 131 E 3rd Street, North Vancouver, BC","626 sq.ft.","Residential, Condo","2017","3","1","1","$1,914"
"361","$609,000","15 24086 104 Avenue, Maple Ridge, BC","1,505 sq.ft.","Residential, Townhouse","2019","1","3","3+1","$2,301"
"362","$609,000","533 55 Av Sw, Calgary, AB","70.14 sq.m.","Residential, House","1945",NA,"1","1","$3,769"
"363","$609,000","306 855 W 16th Street, North Vancouver, BC","1,005 sq.ft.","Residential, Condo","1996","24","2","2","$1,979"
"364","$609,000","701 8068 Westminster Highway, Richmond, BC","819 sq.ft.","Residential, Condo","2010","10","2","2","$1,961"
"365","$609,800","305 7800 St. Albans Road, Richmond, BC","1,184 sq.ft.","Residential, Condo","1992","28","3","2","$1,740"
"366","$609,800","108-3630 Mission Springs Drive, Kelowna, BC","1,415 sq.ft.","Residential, Townhouse","2020",NA,"3","3+1",NA
"367","$609,800","503 8460 Granville Avenue, Richmond, BC","904 sq.ft.","Residential, Condo","2003","17","2","2","$1,806"
"368","$609,900","47 22788 Westminster Highway, Richmond, BC","1,125 sq.ft.","Residential, Townhouse","2009","11","2","2+1","$1,857"
"369","$609,900","216 Lake Acadia Gr Se, Calgary, AB","112.22 sq.m.","Residential, House","1972",NA,"5","3","$3,500"
"370","$609,900","33 10550 248 Street, Maple Ridge, BC","1,926 sq.ft.","Residential, Townhouse","2015","5","4","4+1","$3,362"
"371","$609,900","1504 37 Av Sw, Calgary, AB","123.37 sq.m.","Residential, House","2020",NA,"3","3+1",NA
"372","$609,900","2409 25 St Sw, Calgary, AB","169.54 sq.m.","Residential, House","2005",NA,"3","2+1","$4,687"
"373","$609,900","131 2418 Avon Place, Port Coquitlam, BC","1,105 sq.ft.","Residential, Townhouse","2009","11","2","2","$2,397"
"374","$609,900","39 22000 Sharpe Avenue, Richmond, BC","1,314 sq.ft.","Residential, Townhouse","1995","25","2","3+1","$1,592"
"375","$609,900","801 King St, Toronto, ON",NA,"Residential, Condo",NA,NA,"1","1","$2,000"
"376","$609,900","106 1500 Ostler Court, North Vancouver, BC","1,173 sq.ft.","Residential, Condo","1993","27","2","1","$2,976"
"377","$609,900","263 Wellington St W, Toronto, ON",NA,"Residential, Condo",NA,NA,"1+1","1","$2,047"
"378","$609,900","15 Brunel Crt, Toronto, ON",NA,"Residential, Condo",NA,NA,"2","1","$2,147"
"379","$609,900","25 Stafford St, Toronto, ON",NA,"Residential, Condo",NA,"6-10","1","1","$2,022"
"380","$610,000","125 2600 E 49th Avenue, Vancouver East, BC","888 sq.ft.","Residential, Condo","1972","47","2","1","$1,051"
"381","$610,000","#6-02 - 2420 Baronwood Drive, Oakville, ON",NA,"Residential, Condo",NA,"0-5","2","2","$2,306"
"382","$610,000","37 MT KIDD GD SE, Calgary, AB","2,106 sq.ft.","Residential, House","1996",NA,"4","4","$3,756"
"383","$610,000","402 160 W 3rd Street, North Vancouver, BC","656 sq.ft.","Residential, Condo","2008","12","1","1","$1,770"
"384","$610,000","308 240 Mahon Avenue, North Vancouver, BC","797 sq.ft.","Residential, Condo","1980","40","3","1+1","$1,564"
"385","$1,299,000","172 Fifth St, Toronto, ON",NA,"Residential, House",NA,"51-99","4","2","$3,434"
"386","$1,299,000","19 Aldgate Ave, Toronto, ON",NA,"Residential, House",NA,"51-99","4+1","5","$4,778"
"387","$1,299,600","6015 Bowwater Cr Nw, Calgary, AB","265.51 sq.m.","Residential, House","2019",NA,"5","4+1","$1,447"
"388","$1,299,800","2340 E 33rd Avenue, Vancouver East, BC","1,448 sq.ft.","Residential, Condo","2016","4","4","4+1","$3,155"
"389","$1,299,800","303 2118 W 15th Avenue, Vancouver West, BC","960 sq.ft.","Residential, Condo","2015","5","2","2","$2,905"
"390","$1,299,800","474 Montroyal Boulevard, North Vancouver, BC","1,924 sq.ft.","Residential, House","1959","61","4","2+1","$5,637"
"391","$1,299,800","49 Cornerbrook Dr, Toronto, ON",NA,"Residential, House",NA,NA,"4","2","$5,691"
"392","$1,299,800","89 Torrens Ave, Toronto, ON",NA,"Residential, House",NA,NA,"4+1","4","$5,853"
"393","$1,299,888","126 WEST GROVE RI SW, Calgary, AB","2,949 sq.ft.","Residential, House","2013",NA,"5","5","$6,993"
"394","$1,299,900","1125 READER CR NE, Calgary, AB","2,444 sq.ft.","Residential, House","2012",NA,"4","4","$6,853"
"395","$1,299,900","Waters Edge Drive, Heritage Pointe, AB","1,910 sq.ft.","Residential, House","2016",NA,"3","2+1",NA
"396","$1,299,900","203 5688 Willow Street, Vancouver West, BC","1,161 sq.ft.","Residential, Condo","2017","3","2","2","$3,504"
"397","$1,299,900","5059 Sherbrooke Street, Vancouver East, BC","912 sq.ft.","Residential, House","1953","67","2","1","$4,643"
"398","$1,299,900","1110 17 Av Nw, Calgary, AB","200.20 sq.m.","Residential, House","2020",NA,"3","3","$2,285"
"399","$1,299,900","4551 Odlin Place, Richmond, BC","1,603 sq.ft.","Residential, House","1958","62","4","2","$4,456"
"400","$1,299,900","8675 3430 E Kent Avenue South, Vancouver East, BC","1,616 sq.ft.","Residential, Townhouse","2023",NA,"3","3+1",NA
"401","$1,299,900","14 5631 Steveston Highway, Richmond, BC","1,791 sq.ft.","Residential, Townhouse","2022",NA,"4","4+1",NA
"402","$1,299,900","16 5631 Steveston Highway, Richmond, BC","1,804 sq.ft.","Residential, Townhouse","2022",NA,"4","4+1",NA
"403","$1,299,900","217 E 18th Street, North Vancouver, BC","1,818 sq.ft.","Residential, Condo","2011","9","4","4+2","$4,114"
"404","$1,299,900","210 12088 3rd Avenue, Richmond, BC","1,525 sq.ft.","Residential, Condo","2020",NA,"3","2",NA
"405","$1,299,900","1455 Varsity Estates Dr Nw, Calgary, AB","269.97 sq.m.","Residential, House","1975",NA,"3","3+1","$9,049"
"406","$1,299,900","492 Mcroberts Ave, Toronto, ON",NA,"Residential, House",NA,"New","3","4","$4,017"
"407","$1,299,900","64 Sloley Rd, Toronto, ON",NA,"Residential, House",NA,"51-99","5","3","$4,390"
"408","$1,299,900","920 Northeys Bay Road, Kawartha Park, ON","1,073 sq.ft.","Residential, House",NA,"16-30 years","2+1","2","$5,400"
"409","$1,299,900","1305 212 Davie Street, Vancouver West, BC","1,256 sq.ft.","Residential, Condo","1994","26","2","2","$3,087"
"410","$1,299,900","560 Front St W, Toronto, ON",NA,"Residential, Condo",NA,NA,"3","2","$3,700"
"411","$1,299,900","30 Gaudi Rd, Toronto, ON",NA,"Residential, House",NA,"6-15","4+1","5","$5,079"
"412","$1,299,900","69 Sixteenth St, Toronto, ON",NA,"Residential, House",NA,"0-5","3+1","4","$4,610"
"413","$1,299,950","871 Hendecourt Road, North Vancouver, BC","2,122 sq.ft.","Residential, Townhouse","1978","42","4","4+2","$3,299"
"414","$1,299,995","889 Bay St, Toronto, ON",NA,"Residential, Condo",NA,NA,"2+1","2","$3,964"
"415","$1,299,999","4603 15 St Sw, Calgary, AB","210.70 sq.m.","Residential, House","2007",NA,"5","3+1","$7,652"
"416","$1,299,999","253 Withrow Ave, Toronto, ON",NA,"Residential, House",NA,NA,"3+1","1","$6,273"
"417","$1,349,900","8710 Seascape Drive, West Vancouver, BC","2,355 sq.ft.","Residential, Townhouse","2008","12","2","3+1","$3,502"
"418","$1,349,900","2605 Klassen Court, Port Coquitlam, BC","3,595 sq.ft.","Residential, House","1990","30","5","3","$4,964"
"419","$1,349,900","204 5058 Cambie Street, Vancouver West, BC","1,047 sq.ft.","Residential, Condo","2020",NA,"2","2",NA
"420","$1,349,900","8490 French Street, Vancouver West, BC","1,502 sq.ft.","Residential, Condo","1988","32","3","2","$4,937"
"421","$1,350,000","6907 Legare Drive SW, Calgary, AB","2,967 sq.ft.","Residential, House","1965",NA,"4","2+1","$7,652"
"422","$1,350,000","2104 32 Av Sw, Calgary, AB","258.35 sq.m.","Residential, House","2010",NA,"5","3+1","$10,647"
"423","$1,350,000","2630 evercreek bluffs WY SW, Calgary, AB","3,631 sq.ft.","Residential, House","2007",NA,"6","7","$8,118"
"424","$1,350,000","244 Superior Av Sw, Calgary, AB","280.28 sq.m.","Residential, House","1912",NA,"6","3+1","$8,783"
"425","$1,350,000","3123 Baird Road, North Vancouver, BC","1,630 sq.ft.","Residential, House","1958","62","3","2","$5,651"
"426","$1,350,000","2052 E 35th Avenue, Vancouver East, BC","2,124 sq.ft.","Residential, House","1914","106","7","4","$4,915"
"427","$1,350,000","9611 Williams Road, Richmond, BC","1,871 sq.ft.","Residential, House","1956","64","3","1","$4,350"
"428","$1,350,000","4131 Yale Street, Burnaby, BC","1,709 sq.ft.","Residential, House","1920","100","4","2","$4,726"
"429","$1,350,000","3020 5 St Sw, Calgary, AB","197.88 sq.m.","Residential, House","1974",NA,"3","2+1","$7,310"
"430","$1,350,000","5375 Mckinnon Street, Vancouver East, BC","1,857 sq.ft.","Residential, House","1928","92","4","3","$4,208"
"431","$1,350,000","707 63 W 2nd Avenue, Vancouver West, BC","971 sq.ft.","Residential, Condo","2013","7","2","2","$2,506"
"432","$1,350,000","1043 Walton Drive, Mactier, ON","3,100 sq.ft.","Residential, Recreational","2003",NA,"3","3","$3,800"
"433","$1,350,000","655 Ioco Road, Port Moody, BC","2,920 sq.ft.","Residential, House","1923","97","4","2","$6,065"
"434","$1,350,000","Ph1 6033 Gray Avenue, Vancouver West, BC","933 sq.ft.","Residential, Condo","2015","5","2","2","$1,911"
"435","$1,350,000","Th2 1882 E Georgia Street, Vancouver East, BC","1,429 sq.ft.","Residential, Townhouse","2020",NA,"3","3+1",NA
"436","$1,350,000","5358 Cecil Street, Vancouver East, BC","1,484 sq.ft.","Residential, House","1931","89","3","2","$4,450"
"437","$1,350,000","48 Hamptons Co Nw, Calgary, AB","344.75 sq.m.","Residential, House","2020",NA,"5","4+1","$7,225"
"438","$1,350,000","15 Marchmount Rd, Toronto, ON",NA,"Residential, House",NA,NA,"3","2","$4,390"
"439","$1,350,000","3231 24a St Sw, Calgary, AB","149.10 sq.m.","Residential, House","1953",NA,"3","2+1","$4,291"
"440","$1,350,000","50 Mccaul St, Toronto, ON",NA,"Residential, Condo",NA,"New","3","2",NA
"441","$1,350,000","1592 Warden Ave, Toronto, ON",NA,"Residential, House",NA,NA,"6+2","4","$4,445"
"442","$1,350,000","2039 W 10th Avenue, Vancouver West, BC","1,174 sq.ft.","Residential, Townhouse","2017","3","2","3+1","$3,616"
"443","$1,350,000","3867 Marine Drive, Burnaby, BC","1,900 sq.ft.","Residential, House","1950","70","4","2","$4,399"
"444","$1,350,000","2929 Jane Street, Port Moody, BC","1,788 sq.ft.","Residential, House","1910","110","3","2","$3,766"
"445","$1,350,000","42 - 44 Tenth Avenue, New Westminster, BC","3,192 sq.ft.","Residential, House","1956","64","8","2","$4,873"
"446","$1,350,000","47 3597 Malsum Drive, North Vancouver, BC","2,043 sq.ft.","Residential, Townhouse","2020",NA,"4","4+1","$3,058"
"447","$1,350,000","1892 E 8th Avenue, Vancouver East, BC","1,301 sq.ft.","Residential, Townhouse","2020",NA,"3","3+1",NA
"448","$1,350,000","10 1214 W 7th Avenue, Vancouver West, BC","2,269 sq.ft.","Residential, Townhouse","1980","40","4","4+1","$3,888"
"449","$1,428,000","2302 1028 Barclay Street, Vancouver West, BC","1,059 sq.ft.","Residential, Condo","2011","9","2","2","$3,979"
"450","$1,428,000","4132 Beatrice Street, Vancouver East, BC","1,494 sq.ft.","Residential, Condo","2019","1","4","4+1",NA
"451","$1,428,000","1708 68 Smithe Street, Vancouver West, BC","929 sq.ft.","Residential, Condo","2016","4","2","2","$3,227"
"452","$1,428,000","105 13251 Princess Street, Richmond, BC","1,469 sq.ft.","Residential, Condo","2009","11","2","2","$4,882"
"453","$1,428,800","11155 6th Avenue, Richmond, BC","1,829 sq.ft.","Residential, House","2011","9","4","3+1","$4,256"
"454","$1,428,800","2069 E 34th Avenue, Vancouver East, BC","1,934 sq.ft.","Residential, House","1954","66","5","2","$4,854"
"455","$1,429,000","18859 122 Ave Avenue, Pitt Meadows, BC","4,218 sq.ft.","Residential, House","2008","12","7","5","$7,341"
"456","$1,429,000","5666 Williams Road, Richmond, BC","1,770 sq.ft.","Residential, Townhouse","2021",NA,"5","4",NA
"457","$1,429,000","54 Posthill Drive SW, Calgary, AB","3,027 sq.ft.","Residential, House","2008",NA,"4","3+1","$8,836"
"458","$1,429,000","24 Kenneth Ave, Toronto, ON",NA,"Residential, Townhouse",NA,NA,"4","3","$5,762"
"459","$1,429,900","7497 Granville Street, Vancouver West, BC","1,471 sq.ft.","Residential, Townhouse","2017","3","3","3+1","$3,584"
"460","$1,429,900","1766 E 14th Avenue, Vancouver East, BC","1,580 sq.ft.","Residential, Condo","2020",NA,"3","3",NA
"461","$1,430,000","8611 Delaware Road, Richmond, BC","2,109 sq.ft.","Residential, House","1980","40","4","3+1","$3,905"
"462","$1,430,000","2502 4360 Beresford Street, Burnaby, BC","1,376 sq.ft.","Residential, Condo","2017","3","3","2","$4,360"
"463","$1,430,000","1527 E 34th Avenue, Vancouver East, BC","1,920 sq.ft.","Residential, House","1953","67","4","2","$5,048"
"464","$1,430,000","8971 Fairdell Place, Richmond, BC","2,536 sq.ft.","Residential, House","1965","55","4","4+1","$4,808"
"465","$1,434,800","13976 Silver Valley Road, Maple Ridge, BC","3,726 sq.ft.","Residential, House","1969","51","5","3+1","$5,527"
"466","$1,436,000","134 Howes Street, New Westminster, BC","2,619 sq.ft.","Residential, House","2020",NA,"7","4","$3,328"
"467","$1,438,000","9731 Kilby Drive, Richmond, BC","3,023 sq.ft.","Residential, House","1990","30","5","4","$4,097"
"468","$1,438,000","1910 E 19th Avenue, Vancouver East, BC","1,387 sq.ft.","Residential, Condo","2019","1","3","4+2","$5,323"
"469","$1,438,000","4002 4508 Hazel Street, Burnaby, BC","1,364 sq.ft.","Residential, Condo","2015","5","3","2","$4,152"
"470","$1,438,000","106 Hythe Avenue, Burnaby, BC","2,088 sq.ft.","Residential, House","1964","56","4","2","$5,214"
"471","$1,438,000","2402 1001 Homer Street, Vancouver West, BC","1,060 sq.ft.","Residential, Condo","2005","15","2","2","$3,292"
"472","$1,438,000","14 2206 Folkestone Way, West Vancouver, BC","2,234 sq.ft.","Residential, Townhouse","1975","45","3","3","$3,079"
"473","$1,438,000","990 W 58th Avenue, Vancouver West, BC","1,500 sq.ft.","Residential, Townhouse","2004","16","2","3+1","$3,499"
"474","$1,438,000","4326 Triumph Street, Burnaby, BC","2,283 sq.ft.","Residential, House","1985","35","5","3","$6,026"
"475","$1,438,000","3205 1068 Hornby Street, Vancouver West, BC","1,117 sq.ft.","Residential, Condo","2000","20","2","2","$4,108"
"476","$1,438,000","Ph1 2228 Marstrand Avenue, Vancouver West, BC","1,094 sq.ft.","Residential, Condo","1998","22","2","2","$3,593"
"477","$1,439,000","2603 1009 Expo Boulevard, Vancouver West, BC","1,146 sq.ft.","Residential, Condo","1998","22","2","2","$3,340"
"478","$1,439,000","406 1708 Ontario Street, Vancouver East, BC","1,131 sq.ft.","Residential, Condo","2019","1","3","2",NA
"479","$1,439,000","16 244 E 5th Street, North Vancouver, BC","1,900 sq.ft.","Residential, Townhouse","2018","2","3","3+1","$4,109"
"480","$1,439,000","96 Woodbine Ave, Toronto, ON",NA,"Residential, House",NA,"16-30","3+1","3","$6,292"
"481","$1,439,000","3730 Windsor Street, Vancouver East, BC","1,919 sq.ft.","Residential, House","1910","110","4","2","$5,171"
"482","$1,440,000","97 Cranbrook Ht Se, Calgary, AB","245.81 sq.m.","Residential, House","2013",NA,"4","3+1","$9,115"
"483","$1,441,000","2301 Oak Street, Vancouver West, BC","1,441 sq.ft.","Residential, Townhouse","1982","38","3","2","$3,286"
"484","$1,445,000","3988 Glendale Street, Vancouver East, BC","2,278 sq.ft.","Residential, House","1955","65","2","2","$5,539"
"485","$1,446,500","407 55 E Cordova Street, Vancouver East, BC","1,386 sq.ft.","Residential, Condo","2006","14","1","2+1","$3,201"
"486","$1,448,000","5493 Steveston Highway, Richmond, BC","1,845 sq.ft.","Residential, Condo","1982","38",NA,"3+1","$3,641"
"487","$1,448,000","5491 Steveston Highway, Richmond, BC","1,845 sq.ft.","Residential, Condo","1982","38",NA,"3+1","$3,641"
"488","$1,448,000","408 4355 W 10th Avenue, Vancouver West, BC","1,094 sq.ft.","Residential, Condo","2012","8","2","2","$3,507"
"489","$1,448,000","2230 Kensington Avenue, Burnaby, BC","1,885 sq.ft.","Residential, House","1963","57","4","2","$5,341"
"490","$1,448,000","10586 Shepherd Drive, Richmond, BC","2,235 sq.ft.","Residential, House","2003","17","4","4+1","$3,732"
"491","$1,448,000","1336 Borthwick Road, North Vancouver, BC","3,565 sq.ft.","Residential, House","1993","27","6","4+1","$6,686"
"492","$1,448,000","395 Oceanview Road, West Vancouver, BC","1,823 sq.ft.","Residential, House","1972","48","4","2","$6,342"
"493","$1,448,000","1 Palace Pier Crt, Toronto, ON",NA,"Residential, Condo",NA,"16-30","2+1","3","$4,895"
"494","$1,448,000","4 Lowther Ave, Toronto, ON",NA,"Residential, Condo",NA,"16-30","1","1","$4,998"
"495","$1,448,000","2045 Lake Shore Blvd, Toronto, ON",NA,"Residential, Condo",NA,"31-50","3","3","$3,750"
"496","$1,448,800","1726 E 33rd Avenue, Vancouver East, BC","1,806 sq.ft.","Residential, House","1950","70","4","2","$4,563"
"497","$1,449,000","1525 William Avenue, North Vancouver, BC","2,829 sq.ft.","Residential, House","1912","108","4","3","$4,379"
"498","$1,449,000","2210 31 AV SW, Calgary, AB","2,702 sq.ft.","Residential, House","2019",NA,"4","4","$3,313"
"499","$1,449,000","2236 Adanac Street, Vancouver East, BC","1,407 sq.ft.","Residential, Condo","2020",NA,"3","3+1","$5,448"
"500","$1,449,000","7316 Culloden Street, Vancouver East, BC","2,401 sq.ft.","Residential, House","1953","67","6","5+1","$5,548"
"501","$1,449,000","7368 1st Street, Burnaby, BC","2,189 sq.ft.","Residential, House","1989","31","4","3+1","$4,744"
"502","$1,449,000","6089 Walker Avenue, Burnaby, BC","1,976 sq.ft.","Residential, Condo","2008","12","6","4+1","$4,732"
"503","$1,449,000","Th1 4465 Juneau Street, Burnaby, BC","1,467 sq.ft.","Residential, Townhouse","2020",NA,"3","3+1",NA
"504","$1,449,000","15227 Sheridan Drive, Pitt Meadows, BC","4,390 sq.ft.","Residential, House","1989","31","4","4+1","$6,147"
"505","$1,449,000","278 Bloor St E #2203, Toronto, ON",NA,"Residential, Condo",NA,NA,"2","2","$5,205"
"506","$1,449,000","34 Ch. de la Pointe, Saint-Donat, QC",NA,"Residential, House","1999",NA,"5","3","$6,177"
"507","$1,449,000","635 W Queens Road, North Vancouver, BC","2,760 sq.ft.","Residential, House","1993","27","4","4+1","$5,820"
"508","$1,449,000","2646 E 18th Avenue, Vancouver East, BC","2,227 sq.ft.","Residential, House","1993","27","4","4","$5,660"
"509","$1,449,800","1505 Renfrew Street, Vancouver East, BC","1,320 sq.ft.","Residential, House","9999","999","5","2","$4,923"
"510","$1,449,900","68 Rosevale Dr Nw, Calgary, AB","275.91 sq.m.","Residential, House","2009",NA,"3","2+1","$10,313"
"511","$1,449,900","116 515 E 2nd Street, North Vancouver, BC","1,834 sq.ft.","Residential, Townhouse","2020",NA,"3","3+1",NA
"512","$1,449,900","31 7549-7575 Oak Street, Vancouver West, BC","1,264 sq.ft.","Residential, Townhouse","2021",NA,"3","3+1","$38,375"
"513","$1,698,000","7800 Shackleton Drive, Richmond, BC","2,904 sq.ft.","Residential, House","1989","31","4","4+1","$3,949"
"514","$1,698,000","206 2102 W 48th Avenue, Vancouver West, BC","1,241 sq.ft.","Residential, Condo","2018","2","2","3+1","$4,783"
"515","$1,698,000","70 ASPEN RIDGE SQ SW, Calgary, AB","1,974 sq.ft.","Residential, House","2019",NA,"3","5","$4,404"
"516","$1,698,000","729 E 4th Street, North Vancouver, BC","2,923 sq.ft.","Residential, House","1961","59","4","3","$4,475"
"517","$1,698,000","2366 Nanaimo Street, Vancouver East, BC","1,973 sq.ft.","Residential, House","2007","13","4","4","$5,217"
"518","$1,698,000","8573 10th Avenue, Burnaby, BC","2,518 sq.ft.","Residential, House","2016","4","6","5+1","$5,721"
"519","$1,698,000","5769 Keith Street, Burnaby, BC","2,503 sq.ft.","Residential, House","1966","54","4","3+1","$4,643"
"520","$1,698,000","350 N Hythe Avenue, Burnaby, BC","2,206 sq.ft.","Residential, House","1964","56","5","2","$6,243"
"521","$1,698,000","2915 Eddystone Crescent, North Vancouver, BC","2,503 sq.ft.","Residential, House","1968","52","5","3+1","$6,658"
"522","$1,698,000","505 N Kootenay Street, Vancouver East, BC","2,563 sq.ft.","Residential, House","1949","71","3","2","$6,548"
"523","$1,698,000","6713 Comstock Road, Richmond, BC","2,196 sq.ft.","Residential, House","2003","17","5","3","$5,286"
"524","$1,698,000","1103 1575 Beach Avenue, Vancouver West, BC","1,330 sq.ft.","Residential, Condo","1977","43","2","2","$4,096"
"525","$1,698,000","5811 Rue Tommy-Douglas, Côte-Saint-Luc, QC","3,067.71 sq.ft.","Residential, House","2013",NA,"4","4+1","$12,695"
"526","$1,698,000","275 Jardine Street, New Westminster, BC","4,128 sq.ft.","Residential, House","2017","3","6","7+1","$6,776"
"527","$1,698,000","125 - 56 Jones Street, Oakville, ON","2,083 sq.ft.","Residential, Condo","2012","8 years","3","2+1","$6,297"
"528","$1,698,000","3275 E 19th Avenue, Vancouver East, BC","2,813 sq.ft.","Residential, House","1974","46","5","3+1","$5,608"
"529","$1,698,000","2608 1111 Alberni Street, Vancouver West, BC","1,141 sq.ft.","Residential, Condo","2008","12","2","2","$4,553"
"530","$1,698,000","4561 Boul. St-Laurent, Le Plateau-Mont-Royal, QC",NA,"Residential, Multi-Family Home",NA,NA,"2","1","$13,333"
"531","$1,698,000","3528 Moscrop Street, Vancouver East, BC","2,370 sq.ft.","Residential, House","1993","27","6","4","$5,420"
"532","$1,698,000","1103 717 Jervis Street, Vancouver West, BC","1,565 sq.ft.","Residential, Condo","1990","30","3","2","$3,917"
"533","$1,698,000","6467 Nelson Avenue, West Vancouver, BC","1,789 sq.ft.","Residential, House","1989","31","4","3","$3,321"
"534","$1,698,000","3658 Marine Avenue, Port Moody, BC","2,541 sq.ft.","Residential, House","1957","63","4","2","$6,221"
"535","$1,698,000","1503 499 Broughton Street, Vancouver West, BC","1,264 sq.ft.","Residential, Condo","2003","17","2","2","$4,473"
"536","$1,698,000","326 E 18th Avenue, Vancouver East, BC","1,982 sq.ft.","Residential, House","1911","109","4","2","$5,889"
"537","$1,698,000","2096 Eglinton Ave W, Toronto, ON",NA,"Commercial, Other",NA,NA,"2","4","$10,360"
"538","$1,698,000","2109 N Grandview Highway, Vancouver East, BC","1,645 sq.ft.","Residential, Condo","2020",NA,"3","4+1","$4,005"
"539","$1,698,000","126 E 22nd Avenue, Vancouver East, BC","2,008 sq.ft.","Residential, House","1913","107","6","2","$6,685"
"540","$1,698,000","3651 W 8th Avenue, Vancouver West, BC","1,244 sq.ft.","Residential, Condo","1991","29","3","3+1","$5,186"
"541","$1,698,000","1266 E 63rd Avenue, Vancouver East, BC","2,333 sq.ft.","Residential, House","1989","31","5","4","$5,110"
"542","$1,698,888","2663 Panorama Drive, North Vancouver, BC","1,609 sq.ft.","Residential, House","1939","81","4","3","$7,076"
"543","$1,699,000","1480 Tilney Mews, Vancouver West, BC","1,765 sq.ft.","Residential, Townhouse","2012","8","4","4+1","$4,392"
"544","$1,699,000","149 2060 Curling Road, North Vancouver, BC","1,896 sq.ft.","Residential, Townhouse","2021",NA,"3","4+1",NA
"545","$2,180,000","5211 Wallace Avenue, Tsawwassen, BC","3,948 sq.ft.","Residential, House","2014","6","6","5+1","$6,490"
"546","$2,180,000","72 Leggett Ave, Toronto, ON",NA,"Residential, House",NA,"16-30","4+2","5","$8,599"
"547","$2,180,000","1403 6900 Pearson Way, Richmond, BC","2,809 sq.ft.","Residential, Condo","2020",NA,"4","4+1",NA
"548","$2,180,000","6201 Sechelt Inlet Road, Sechelt, BC","6,216 sq.ft.","Residential, House","2005","15","6","5","$12,497"
"549","$2,180,000","4440 Pendlebury Road, Richmond, BC","4,523 sq.ft.","Residential, House","1991","29","4","5+1","$7,277"
"550","$2,180,000","1203 1550 Alberni Street, Vancouver West, BC","973 sq.ft.","Residential, Condo","2021",NA,"2","1",NA
"551","$2,180,000","8820 Bairdmore Crescent, Richmond, BC","3,843 sq.ft.","Residential, House","1996","24","5","4","$6,337"
"552","$2,180,000","5725 Bluebell Drive, West Vancouver, BC","3,110 sq.ft.","Residential, House","1998","22","4","3","$5,022"
"553","$2,180,000","4591 Marineview Crescent, North Vancouver, BC","2,500 sq.ft.","Residential, House","1954","66","4","3+1","$8,210"
"554","$2,185,000","1375 Queens Avenue, West Vancouver, BC","2,583 sq.ft.","Residential, House","1981","39","4","4+1","$4,619"
"555","$2,188,000","3403 1189 Melville Street, Vancouver West, BC","1,697 sq.ft.","Residential, Condo","2007","13","3","3+1","$6,334"
"556","$2,188,000","989 W 64th Avenue, Vancouver West, BC","2,485 sq.ft.","Residential, House","1990","30","4","4+1","$6,928"
"557","$2,188,000","68 2212 Folkestone Way, West Vancouver, BC","1,482 sq.ft.","Residential, Condo","1976","44","2","2","$4,480"
"558","$2,188,000","5410 Patrick Street, Burnaby, BC","3,977 sq.ft.","Residential, House","2017","3","7","7+1","$7,746"
"559","$2,188,000","8311 Fairdell Crescent, Richmond, BC","3,271 sq.ft.","Residential, House","2013","7","4","5+1","$6,977"
"560","$2,188,000","920 Jefferson Avenue, West Vancouver, BC","2,800 sq.ft.","Residential, House","1957","63","5","3+1","$4,660"
"561","$2,188,000","4 The Kingsway, Suite 202, Toronto, ON",NA,"Residential, Condo","2020","New","2","2",NA
"562","$2,188,000","3206 198 Aquarius Mews, Vancouver West, BC","1,303 sq.ft.","Residential, Condo","1999","21","2","2","$4,827"
"563","$2,188,000","2001 135 E 17th Street, North Vancouver, BC","1,268 sq.ft.","Residential, Condo","2013","7","3","3+1","$6,025"
"564","$2,188,000","3258 St. Annes Drive, North Vancouver, BC","2,542 sq.ft.","Residential, House","1949","71","4","5+1","$6,814"
"565","$2,188,000","579 W 22nd Street, North Vancouver, BC","3,349 sq.ft.","Residential, House","1910","110","5","6+2","$6,426"
"566","$2,188,000","2239 London Street, New Westminster, BC","4,007 sq.ft.","Residential, House","2020",NA,"8","6","$4,435"
"567","$2,188,000","1059 Marinaside Crescent, Vancouver West, BC","1,351 sq.ft.","Residential, Townhouse","2002","18","3","3+1","$5,480"
"568","$2,188,000","1980 W 11th Avenue, Vancouver West, BC","1,689 sq.ft.","Residential, Townhouse","2015","5","3","3+1","$5,489"
"569","$2,188,000","3420 E 26th Avenue, Vancouver East, BC","2,612 sq.ft.","Residential, House","2020",NA,"7","5+1","$4,749"
"570","$2,188,000","870 Browning Place, North Vancouver, BC","4,030 sq.ft.","Residential, House","2019","1","6","6+1","$4,203"
"571","$2,188,000","10191 Thirlmere Drive, Richmond, BC","4,399 sq.ft.","Residential, House","1993","27","7","6+1","$6,558"
"572","$2,188,000","7819 14th Avenue, Burnaby, BC","3,554 sq.ft.","Residential, House","2016","4","6","6+2","$7,070"
"573","$2,188,000","4708 Meadfeild Place, West Vancouver, BC","3,418 sq.ft.","Residential, House","1984","36","5","4+1","$5,511"
"574","$2,188,000","2763 E 48th Avenue, Vancouver East, BC","3,098 sq.ft.","Residential, House","2012","8","7","6","$7,257"
"575","$2,188,000","1410 Charlotte Crescent, Port Moody, BC","2,799 sq.ft.","Residential, House","1999","21","3","3","$6,457"
"576","$2,188,000","1777 Kilkenny Road, North Vancouver, BC","3,703 sq.ft.","Residential, House","1961","59","4","4+1","$6,451"
"577","$2,188,000","4763 Portland Street, Burnaby, BC","3,799 sq.ft.","Residential, House","2010","10","6","6+1","$8,111"
"578","$2,189,000","3503 1189 Melville Street, Vancouver West, BC","1,697 sq.ft.","Residential, Condo","2007","13","3","3+1","$5,591"
"579","$2,189,000","23 Kintyre Ave, Toronto, ON",NA,"Residential, Multi-Family Home",NA,NA,"4+1","5","$7,669"
"580","$2,189,000","10875 Carmichael Street, Maple Ridge, BC","4,598 sq.ft.","Residential, House","2014","6","5","6+1","$8,080"
"581","$2,189,000","7 Freeman Rd, Toronto, ON",NA,"Residential, House",NA,"0-5","4","5","$14,466"
"582","$2,189,000","183 Wellington St W, Toronto, ON",NA,"Residential, Condo",NA,"6-10","1","2","$9,092"
"583","$2,189,000","431 Euclid Ave, Toronto, ON",NA,"Residential, House",NA,NA,"6","3","$7,259"
"584","$2,190,000","2302 1277 Melville Street, Vancouver West, BC","1,281 sq.ft.","Residential, Condo","2008","11","2","2","$4,596"
"585","$2,190,000","13531 Blundell Road, Richmond, BC","1,930 sq.ft.","Residential, House","1953","67","4","3","$5,925"
"586","$2,190,000","3331 Francis Road, Richmond, BC","3,289 sq.ft.","Residential, House","2014","6","5","6+1","$6,610"
"587","$2,190,000","3015 W 7th Avenue, Vancouver West, BC","2,165 sq.ft.","Residential, House","1912","108","4","3","$6,859"
"588","$2,190,000","591 St Giles Road, West Vancouver, BC","2,123 sq.ft.","Residential, House","1960","60","3","3","$5,021"
"589","$2,194,000","54 Bannon Ave, Toronto, ON",NA,"Residential, House",NA,"31-50","4","2","$7,484"
"590","$2,195,000","1335 Rue Redpath-Crescent, Ville-Marie, QC",NA,"Residential, House","1978",NA,"3","2+2","$9,049"
"591","$2,195,000","650 Rue Notre-Dame O., Apt. 1602, Ville-Marie, QC","2,450 sq.ft.","Residential, Condo","2005",NA,"3","2+1","$11,443"
"592","$2,195,000","69 Rue Stratford, Hampstead, QC",NA,"Residential, House","1939",NA,"5","3+1","$5,421"
"593","$2,195,000","509 Vardon Lane, Vernon, BC","6,000 sq.ft.","Residential, House","2016","3years","4+2","4+1","$8,800"
"594","$2,195,000","2075 Neil Street, Oak Bay, BC","3,583 sq.ft.","Residential, House","2018",NA,"5","3+1","$8,702"
"595","$2,195,000","4719 Coronation Dr Sw, Calgary, AB","259.47 sq.m.","Residential, House","1955",NA,"5","3+1","$13,906"
"596","$2,195,000","1547 Windsor St Nw, Calgary, AB","312.24 sq.m.","Residential, House","2009",NA,"4","3+2","$16,635"
"597","$2,195,000","628 Union Street, Vancouver East, BC","2,385 sq.ft.","Residential, House","1905","115","7","4","$7,065"
"598","$2,195,000","1096 E 56th Avenue, Vancouver East, BC","3,365 sq.ft.","Residential, House","2017","3","7","8+1","$6,594"
"599","$2,195,000","2612 W 2nd Avenue, Vancouver West, BC","2,390 sq.ft.","Residential, House","1925","95","3","2+1","$7,716"
"600","$2,195,000","749 W 63rd Avenue, Vancouver West, BC","1,864 sq.ft.","Residential, House","1951","69","3","2+1","$7,505"
"601","$2,195,000","1 Cuthbert Cres, Toronto, ON",NA,"Residential, House",NA,"51-99","3","4","$9,421"
"602","$2,198,000","2480 Golden Donald Upper Road, Golden, BC","4,135 sq.ft.","Residential, House","2010",NA,"3","3","$3,225"
"603","$2,198,000","6215 Tiffany Boulevard, Richmond, BC","2,454 sq.ft.","Residential, House","1979","41","3","3+1","$4,631"
"604","$2,198,000","104 5838 Berton Avenue, Vancouver West, BC","2,423 sq.ft.","Residential, Townhouse","2009","11","3","3","$3,883"
"605","$2,198,000","59 Glenmore Drive, West Vancouver, BC","2,520 sq.ft.","Residential, House","1955","65","5","2","$5,221"
"606","$2,198,000","1362 Sunnyside Drive, North Vancouver, BC","4,638 sq.ft.","Residential, House","2007","13","7","7+1","$7,737"
"607","$2,198,000","432-434 W Keith Road, North Vancouver, BC","4,220 sq.ft.","Residential, Duplex","1978","42","10","6","$6,880"
"608","$2,198,000","5477 Cliffridge Avenue, North Vancouver, BC","3,211 sq.ft.","Residential, House","1976","44","4","3+1","$7,300"
"609","$2,198,000","7520 Bates Road, Richmond, BC","4,112 sq.ft.","Residential, House","1994","26","6","6+1","$6,196"
"610","$2,198,000","3282 Queens Avenue, Vancouver East, BC","2,809 sq.ft.","Residential, House","1977","43","5","3","$5,903"
"611","$2,198,000","892 Handsworth Road, North Vancouver, BC","2,032 sq.ft.","Residential, House","1957","63","3","3+1","$7,725"
"612","$2,198,000","811 York Street, New Westminster, BC","3,721 sq.ft.","Residential, House","1954","66","4","4","$7,169"
"613","$2,198,000","3948 Nootka Street, Vancouver East, BC","2,993 sq.ft.","Residential, House","2020",NA,"6","5+1","$4,299"
"614","$2,198,000","5653 Holt Avenue, Richmond, BC","2,833 sq.ft.","Residential, House","2001","19","4","4","$5,665"
"615","$2,198,000","57 W 42nd Avenue, Vancouver West, BC","1,962 sq.ft.","Residential, House","1954","66","4","2","$6,844"
"616","$2,198,000","2690 Violet Street, North Vancouver, BC","3,583 sq.ft.","Residential, House","2017","3","6","5+1","$8,200"
"617","$2,198,000","98 Brookview Ave, Toronto, ON",NA,"Residential, House",NA,NA,"4","3","$6,658"
"618","$2,198,000","124 W Windsor Road, North Vancouver, BC","2,872 sq.ft.","Residential, House","2020",NA,"4","4","$3,222"
"619","$2,198,000","185 Cedric Ave, Toronto, ON",NA,"Residential, House",NA,NA,"4","5","$3,856"
"620","$2,198,800","947 Inglewood Avenue, West Vancouver, BC","1,902 sq.ft.","Residential, House","1972","48","3","3+1","$5,020"
"621","$2,199,000","148 Aldwych Ave, Toronto, ON",NA,"Residential, House",NA,"0-5","4+1","5","$1"
"622","$2,199,000","2103 Columbia Street, Vancouver West, BC","1,926 sq.ft.","Residential, House","1905","115","3","1","$5,988"
"623","$2,199,000","11071 Merchantman Place, Richmond, BC","3,784 sq.ft.","Residential, House","2018","2","4","6+2","$5,180"
"624","$2,199,000","601 677 W 41st Avenue, Vancouver West, BC","1,445 sq.ft.","Residential, Condo","2017","3","3","3+1","$4,631"
"625","$2,199,000","5429 Lookout Ridge Place, Sun Peaks, BC","3,500 sq.ft.","Residential, House","2019",NA,"5","4+2","$3,942"
"626","$2,199,000","4764 Quebec Street, Vancouver East, BC","1,865 sq.ft.","Residential, House","1930","90","3","2","$7,495"
"627","$2,199,000","4896 Dumfries Street, Vancouver East, BC","3,687 sq.ft.","Residential, House","2014","6","5","6+1","$5,451"
"628","$2,199,000","2206 1033 Marinaside Crescent, Vancouver West, BC","1,258 sq.ft.","Residential, Condo","2002","18","2","2","$5,189"
"629","$2,199,000","17 Ocean Point Drive, West Vancouver, BC","3,226 sq.ft.","Residential, Condo","1997","23","3","4+1","$3,125"
"630","$2,199,000","17 Ocean Point Drive, West Vancouver, BC","3,226 sq.ft.","Residential, House","1997","23","4","4+1","$3,125"
"631","$2,199,000","1215 1217 Duthie Avenue, Burnaby, BC","4,657 sq.ft.","Residential, Duplex","1978","42","10","6","$7,776"
"632","$2,199,000","4130 Trinity Street, Burnaby, BC","3,450 sq.ft.","Residential, House","2020",NA,"7","7+1","$7,934"
"633","$2,199,000","10120 Ainsworth Crescent, Richmond, BC","3,392 sq.ft.","Residential, House","2016","4","5","6+1","$6,202"
"634","$2,199,000","54 Malibou Rd Sw, Calgary, AB","181.90 sq.m.","Residential, House","2020",NA,"5","3+1","$3,789"
"635","$2,199,000","4211 Pendlebury Road, Richmond, BC","3,605 sq.ft.","Residential, House","2019","1","5","5","$6,051"
"636","$2,199,000","10084 Lassam Road, Richmond, BC","3,435 sq.ft.","Residential, House","1981","39","4","3+1","$4,772"
"637","$2,199,000","6 4894 Painted Cliff Road, Whistler, BC","1,334 sq.ft.","Residential, Townhouse","1998","22","3","2","$5,638"
"638","$2,199,000","6410 Chaucer Place, Burnaby, BC","4,613 sq.ft.","Residential, House","1977","43","5","4+1","$9,107"
"639","$2,199,800","7560 Bamberton Court, Richmond, BC","4,094 sq.ft.","Residential, House","1989","30","4","5+1","$6,625"
"640","$2,199,800","3227 E 51st Avenue, Vancouver East, BC","1,938 sq.ft.","Residential, House","1952","68","3","2","$5,746"
"641","$2,298,000","900 1788 W 13th Avenue, Vancouver West, BC","1,804 sq.ft.","Residential, Condo","1996","24","3","3+1","$6,774"
"642","$2,298,000","2501 1199 Marinaside Crescent, Vancouver West, BC","1,378 sq.ft.","Residential, Condo","1999","21","3","2","$5,381"
"643","$2,298,000","601 2280 Bellevue Avenue, West Vancouver, BC","1,371 sq.ft.","Residential, Condo","1989","31","2","2","$6,325"
"644","$2,298,000","1355 Kilmer Road, North Vancouver, BC","3,064 sq.ft.","Residential, House","2020",NA,"6","5","$3,673"
"645","$2,298,000","2001 1055 Richards Street, Vancouver West, BC","1,391 sq.ft.","Residential, Condo","2009","11","2","2","$6,084"
"646","$2,298,000","5886 Sherbrooke Street, Vancouver East, BC","3,461 sq.ft.","Residential, House","2018","2","10","7","$6,512"
"647","$2,298,000","1218 W 21st Street, North Vancouver, BC","3,314 sq.ft.","Residential, House","1946","74","6","3","$7,204"
"648","$2,298,000","301 199 Victory Ship Way, North Vancouver, BC","1,446 sq.ft.","Residential, Condo","2016","4","3","3+1","$6,894"
"649","$2,298,000","1488 E 30th Avenue, Vancouver East, BC","3,764 sq.ft.","Residential, House","2014","6","10","8","$6,246"
"650","$2,298,000","759 E 56th Avenue, Vancouver East, BC","3,285 sq.ft.","Residential, House","2019","1","6","7+1","$6,214"
"651","$2,298,000","2274 Upland Drive, Vancouver East, BC","3,024 sq.ft.","Residential, House","2004","16","6","6+2","$7,206"
"652","$2,298,000","303 1860 Robson Street, Vancouver West, BC","1,651 sq.ft.","Residential, Condo","1987","33","3","2","$4,865"
"653","$2,298,000","11180 King Road, Richmond, BC","4,136 sq.ft.","Residential, House","2016","4","5","7+1",NA
"654","$2,298,000","3901 188 Keefer Place, Vancouver West, BC","1,624 sq.ft.","Residential, Condo","2009","11","2","3+1","$5,676"
"655","$2,298,000","2254 W 15th Avenue, Vancouver West, BC","1,880 sq.ft.","Residential, Condo","1981","39","3","3+1","$7,269"
"656","$2,298,000","593 Silverdale Place, North Vancouver, BC","2,728 sq.ft.","Residential, House","1956","64","4","3+1","$6,735"
"657","$2,298,000","115 Leacrest Rd, Toronto, ON",NA,"Residential, House",NA,"31-50","3","3","$6,401"
"658","$2,298,800","6138 Butler Street, Vancouver East, BC","3,151 sq.ft.","Residential, House","1994","26","7","5","$6,836"
"659","$2,299,000","1600 Av. de Seaforth, Ville-Marie, QC","3,046.19 sq.ft.","Commercial, Other","1914",NA,NA,NA,"$29,814"
"660","$2,299,000","787 Ch. Morgan, Saint-Adolphe-d'Howard, QC",NA,"Residential, House","2014",NA,"4","2+2","$10,793"
"661","$2,299,000","467 E 2nd Street, North Vancouver, BC","2,400 sq.ft.","Residential, Duplex","1958","62","5","2","$7,313"
"662","$2,299,000","1717 Grand Boulevard, North Vancouver, BC","3,288 sq.ft.","Residential, House","1931","89","5","4","$6,358"
"663","$2,299,000","204 1055 Ridgewood Drive, North Vancouver, BC","1,465 sq.ft.","Residential, Townhouse","2019","1","3","3+1","$7,529"
"664","$2,299,000","311 Bay St, Toronto, ON",NA,"Residential, Condo",NA,"6-10","2","3","$15,363"
"665","$2,299,000","2302 1067 Marinaside Crescent, Vancouver West, BC","1,302 sq.ft.","Residential, Condo","2002","18","3","2","$4,525"
"666","$2,299,000","9840 Greenlees Road, Richmond, BC","4,155 sq.ft.","Residential, House","1997","23","5","6+1","$6,685"
"667","$2,299,000","301 908 Keith Road, West Vancouver, BC","1,532 sq.ft.","Residential, Condo","2014","6","3","3+1","$5,712"
"668","$2,299,000","190 Montclair Ave, Toronto, ON",NA,"Residential, House",NA,NA,"4+1","4","$10,465"
"669","$2,299,900","217 Westridge Lane, Port Moody, BC","5,143 sq.ft.","Residential, House","2008","12","5","5+1","$6,747"
"670","$2,299,999","1255 E 63rd Avenue, Vancouver East, BC","3,835 sq.ft.","Residential, House","1986","34","8","5","$6,618"
"671","$2,299,999","222 Chebucto Drive, Oakville, ON","2,199 sq.ft.","Residential, House",NA,NA,"3+1","3+1",NA
"672","$2,300,000","4-8200 Squilax Anglemont Road, Anglemont, BC","5,611 sq.ft.","Residential, House",NA,NA,"4","3","$4,806"
"673","$3,150,000","24027 104 Street, Maple Ridge, BC","1,052 sq.ft.","Residential, House","1930","89","3","2","$8,969"
"674","$3,150,000","900 Roslyn Boulevard, North Vancouver, BC","5,123 sq.ft.","Residential, House","1986","34","6","5+1","$10,131"
"675","$3,150,000","14 Kingsway Cres, Toronto, ON",NA,"Residential, House",NA,NA,"3","4","$13,697"
"676","$3,160,900","302 1009 Laurier Avenue, Vancouver West, BC","1,986 sq.ft.","Residential, Condo","2020",NA,"3","4+1","$6,600"
"677","$3,166,947 (+ taxes)","1111 Av. Atwater, Apt. PH23, Westmount, QC","2,142 sq.ft.","Residential, Condo",NA,NA,"2","2+1",NA
"678","$3,175,000","4166 W King Edward Avenue, Vancouver West, BC","2,583 sq.ft.","Residential, House","1971","49","5","3+1","$10,061"
"679","$3,178,000","7441 Granville Street, Vancouver West, BC","2,100 sq.ft.","Residential, House","1944","76","4","2","$9,530"
"680","$3,179,000","1977 Jefferson Avenue, West Vancouver, BC","3,504 sq.ft.","Residential, House","2002","18","4","4+1","$9,299"
"681","$3,180,000","1209 Clyde Avenue, West Vancouver, BC","3,637 sq.ft.","Residential, House","1994","26","4","3+1","$6,418"
"682","$3,180,000","130 Seymour View Road, Port Moody, BC","7,890 sq.ft.","Residential, House","1994","26","5","7+1","$7,126"
"683","$3,180,000","8600 Seafair Drive, Richmond, BC","3,692 sq.ft.","Residential, House","2018","2","5","6+1","$8,616"
"684","$3,180,000","1610 Palmerston Avenue, West Vancouver, BC","4,904 sq.ft.","Residential, House","1985","35","5","4+1","$6,728"
"685","$3,180,000","6823 Adair Street, Burnaby, BC","4,750 sq.ft.","Residential, House","2020",NA,"7","8+2","$6,177"
"686","$3,180,000","3017 Brookridge Drive, North Vancouver, BC","3,973 sq.ft.","Residential, House","1996","24","4","4+1","$9,699"
"687","$3,180,000","3954 Prospect Road, North Vancouver, BC","3,616 sq.ft.","Residential, House","1965","55","5","7+2","$7,038"
"688","$3,180,000","7331 Bates Road, Richmond, BC","3,425 sq.ft.","Residential, House","2013","7","5","6+1","$7,757"
"689","$3,188,000","64 Madawaska Ave, Toronto, ON",NA,"Residential, House",NA,"New","4+1","6",NA
"690","$3,188,000","1558 Bond Street, North Vancouver, BC","2,482 sq.ft.","Residential, House","1959","60","4","2","$5,971"
"691","$3,188,000","Sph3501 838 W Hastings Street, Vancouver West, BC","2,101 sq.ft.","Residential, Condo","2011","9","2","3+1","$8,332"
"692","$3,188,000","5325 Montiverdi Place, West Vancouver, BC","4,446 sq.ft.","Residential, House","1981","39","6","4+1","$10,782"
"693","$3,188,000","10060 Deagle Road, Richmond, BC","4,020 sq.ft.","Residential, House","2016","4","5","5+1","$10,886"
"694","$3,188,000","6599 Yeats Crescent, Richmond, BC","3,398 sq.ft.","Residential, House","2017","3","4","5+1","$7,858"
"695","$3,188,000","9691 Bakerview Drive, Richmond, BC","3,849 sq.ft.","Residential, House","2018","2","5","6+1","$6,876"
"696","$3,188,000","2603 1205 W Hastings Street, Vancouver West, BC","1,493 sq.ft.","Residential, Condo","2007","13","2","2","$6,682"
"697","$3,188,000","3566 Sable Avenue, Richmond, BC","3,558 sq.ft.","Residential, House","2020",NA,"5","6+1","$4,639"
"698","$3,188,888","2621 Bayview Ave, Toronto, ON",NA,"Residential, House",NA,NA,"3+1","3","$7,954"
"699","$3,189,000","124 Pricefield Rd, Toronto, ON",NA,"Residential, House",NA,"100+","4+1","4","$12,031"
"700","$3,190,000","7828 Sunnymede Crescent, Richmond, BC","3,388 sq.ft.","Residential, House","2018","2","4","5+1","$11,061"
"701","$3,190,000","1108 W 15th Avenue, Vancouver West, BC","2,276 sq.ft.","Residential, House","2020",NA,"4","3+1",NA
"702","$3,190,000","7225 Braeside Drive, Burnaby, BC","4,516 sq.ft.","Residential, House","2015","5","6","7","$9,711"
"703","$3,195,000","1 Silverwood Ave, Toronto, ON",NA,"Residential, House",NA,NA,"4+1","4","$10,471"
"704","$3,195,000","63 Clifton Rd, Toronto, ON",NA,"Residential, House",NA,NA,"5","4","$14,220"
"705","$5,488,000","2771 Bellevue Avenue, West Vancouver, BC","3,908 sq.ft.","Residential, House","1950","70","4","4+1","$10,902"
"706","$5,488,000","15 Pump Hill Cl Sw, Calgary, AB","522.28 sq.m.","Residential, House","1976",NA,"5","4+3","$26,764"
"707","$5,488,000","66 Forest Grove Dr, Toronto, ON",NA,"Residential, House",NA,NA,"5+1","8",NA
"708","$5,488,000","302 628 Kinghorne Mews, Vancouver West, BC","1,844 sq.ft.","Residential, Condo","2006","14","2","3","$10,793"
"709","$5,488,000","1576 Errigal Place, West Vancouver, BC","6,508 sq.ft.","Residential, House","1994","26","4","6+2","$23,691"
"710","$5,488,000","613 Barnham Road, West Vancouver, BC","6,761 sq.ft.","Residential, House","2017","3","5","8+2","$17,237"
"711","$5,488,000","60 Heathcote Ave, Toronto, ON",NA,"Residential, House",NA,NA,"5+1","7","$25,521"
"712","$5,488,900","2602 885 Cambie Street, Vancouver West, BC","2,264 sq.ft.","Residential, Condo","2020",NA,"4","3",NA
"713","$5,490,000","2195 Palmerston Avenue, West Vancouver, BC","4,532 sq.ft.","Residential, House","2011","9","6","8+1","$21,741"
"714","$5,498,000","28 Greengate Rd, Toronto, ON",NA,"Residential, House",NA,"0-5","5+2","8","$11,105"
"715","$5,498,000","790 Baycrest Drive, North Vancouver, BC","8,716 sq.ft.","Residential, House","2018","2","7","8+2","$25,326"
"716","$5,498,000","7551 Costain Court, Richmond, BC","4,404 sq.ft.","Residential, House","2015","5","5","6+1","$9,848"
"717","$5,498,000","4778 Trafalgar Street, Vancouver West, BC","4,450 sq.ft.","Residential, House","2014","6","6","7+1","$20,392"
"718","$5,498,000","605 Ballantree Road, West Vancouver, BC","5,232 sq.ft.","Residential, House","2018","2","5","6+1","$8,730"
"719","$5,498,000","41 Daneswood Rd, Toronto, ON",NA,"Residential, House",NA,NA,"5+2","6","$25,601"
"720","$5,499,000","1948 Sasamat Place, Vancouver West, BC","4,160 sq.ft.","Residential, House","1941","79","6","4+1","$25,423"
"721","$5,500,000","1179 Westside Road, West Kelowna, BC","1,200 sq.ft.","Residential, Recreational",NA,"65",NA,NA,"$31,535"
"722","$5,500,000","4638 Woodgreen Drive, West Vancouver, BC","5,729 sq.ft.","Residential, House","2016","4","4","4+1","$16,493"
"723","$5,500,000","6450 Cedarhurst Street, Vancouver West, BC","3,307 sq.ft.","Residential, House","9999","999","5","2","$20,170"
"724","$5,500,000","6230 Oak Street, Vancouver West, BC","2,660 sq.ft.","Residential, House","1963","56",NA,"1",NA
"725","$5,500,000","6218 Oak Street, Vancouver West, BC","4,680 sq.ft.","Residential, House","1967","52","6","3",NA
"726","$5,500,000","645 W King Edward Avenue, Vancouver West, BC","2,650 sq.ft.","Residential, House","1939","81","5","5+1","$7,457"
"727","$5,500,000","4176 Crown Crescent, Vancouver West, BC","3,373 sq.ft.","Residential, House","1928","92","5","2+1","$29,203"
"728","$5,500,000","4935 College Highroad, Vancouver West, BC","4,200 sq.ft.","Residential, House","2010","10","5","6+1","$11,399"
"729","$5,500,000","42 Stratford Lane & 1 Reveille Island, 1000 Islands, ON",NA,"Residential, House",NA,NA,"9","6+2",NA
"730","$5,500,000","9471 Beckwith Road, Richmond, BC","2,359 sq.ft.","Residential, House","1949","71","4","2","$7,297"
"731","$5,500,000","2456 Bellevue Avenue, West Vancouver, BC","4,382 sq.ft.","Residential, Condo","1989","31","2","4+1","$28,085"
"732","$5,500,000","Th3 2289 Bellevue Street, West Vancouver, BC","4,189 sq.ft.","Residential, Townhouse","2019","1","3","4+1",NA
"733","$5,500,000","1973 Creelman Avenue, Vancouver West, BC","2,407 sq.ft.","Residential, House","2020",NA,"3","3+1","$10,990"
"734","$5,500,000","5124 Marine Drive, West Vancouver, BC","5,979 sq.ft.","Residential, House","2018","2","5","8+1","$12,138"
"735","$5,548,000","14 1861 Beach Avenue, Vancouver West, BC","2,513 sq.ft.","Residential, Condo","1986","34","2","2","$29,136"
"736","$5,550,000","1663 Avondale Avenue, Vancouver West, BC","5,746 sq.ft.","Residential, House","1928","92","4","5+1","$29,353"
